Original Image,MBLLEN Applied,GLADNet Applied,Retinex Applied,CE Applied,PPRP Applied,PCA Applied
84,56.63,48.37,39.25,31,18,45
87.27,52.56,32.84,37.35,47,65,22
18.05,10.3,27.32,45.82,32,40,25
23.53,37.03,30.18,18.54,33,50,37
60.68,22.48,24.06,40.92,26,35,23
28.2,30.27,33,46.18,21,68,20
47.17,43.95,38.36,46.3,29,28,42
28.51,62.45,17.49,25.09,81,63,74
43.5,46.56,48.29,51,65,51,53
30.87,48.65,28.86,23.85,17,21,21
43.09,55.87,27.41,19.86,30,31,26
47.55,36.75,40.1,52.37,27,19,26
44.98,43.41,37.86,25.32,20,58,20
62.41,27.59,24.26,50.64,33,47,31
32.72,55.72,19.57,46.57,38,30,34
95.81,64.95,83.87,101.26,21,43,17
11.66,17.04,16.12,24.85,32,43,29
36.15,32.34,14.23,26.6,29,34,23
33.1,47.13,41.04,26.62,88,103,54
19.37,18.57,29.99,51.32,24,74,26
53.1,42.67,37.64,45.79,43,23,32
37.01,41.23,35.4,26.45,86,83,66
44.26,18.9,33.43,41.82,38,36,27
28.65,26.31,23.98,28.93,30,30,27
55.96,47.12,40.23,51.19,25,51,27
108.56,48.9,61.24,63.02,18,18,15
14.18,52.08,9.17,14.42,35,41,45
18.97,33.49,12.59,28.12,17,29,13
45.25,50.49,36.89,32.77,23,36,18
32.96,41.39,4.38,37.13,34,47,38
12.13,43.79,16.69,7.23,61,45,32
51.7,54.53,44.77,35,93,68,32
19.63,13.34,31.38,47.88,31,17,21
30.03,41.07,23.69,18.52,53,15,81
41.11,45.89,38.07,23.81,37,34,32
17.54,25.28,24.15,35.52,70,79,19
37.56,30.99,41.48,47.47,67,49,51
35.15,34.02,31.92,37.57,48,39,42
58.86,49.35,40.21,46.54,34,33,32
77.26,71.01,58.68,53.15,39,38,45
43.87,33.69,14.58,52.67,37,30,38
29.07,28.92,39.79,46.82,43,39,39
51.04,21.54,20.58,41.26,49,45,47
59.8,61.35,39.58,24.73,59,62,16
59.86,39.24,35.09,57.03,17,25,17
73.57,25.93,28.7,36.64,57,50,37
48.06,56.34,45.28,38.26,38,57,21
29.39,41.76,17.26,34.32,44,40,48
58.99,58.59,52.8,50.48,52,43,55
30.38,26.7,23.39,35.82,43,23,47
38.47,27.5,40.4,54.07,41,39,43
42.03,40.48,40.77,37.16,48,50,59
73.2,61.55,41.78,39.37,37,36,39
47.58,48.8,48.49,48.38,44,25,43
42.91,54.84,40.4,33.39,19,23,26
47.93,52.49,40.92,33.07,30,41,27
17.58,7.63,32.57,55.7,47,48,46
14.32,18.01,19.34,33.46,72,56,53
58.33,56.54,50.03,25.29,65,55,49
41.15,40.74,46.55,46.8,38,37,42
49.3,50.21,45.71,45.11,51,33,57
60.25,44.27,32.23,24.49,48,36,49
53.36,53.66,42.29,36.57,26,27,38
31,28.01,16.28,31.05,42,23,29
74.03,54.53,41.81,43.57,46,43,49
68.87,54.8,41.86,24.84,45,50,39
20.77,54.2,15.68,24.74,33,21,33
45.3,49.26,29.17,17.24,34,29,33
78.81,53.91,38.24,36.41,41,39,33
26.68,37.05,35.99,32.37,23,48,19
4.52,-0.23,15.3,25.61,33,27,46
44.27,28.63,41.96,60.68,31,47,23
48.77,36.1,29.2,44.65,29,24,29
48.31,41.54,33.85,40.93,33,31,27
45.01,44.6,41.94,52.36,34,18,17
46.42,46.7,53.14,73.81,32,16,34
34.11,29.82,25.11,28.15,21,22,21
57.7,51.23,24.65,28.37,53,44,56
39.81,41.1,37.77,38.8,24,55,57
14.79,15.12,23.26,30.64,48,47,54
28.37,12.06,44.93,63.76,19,62,50
29.46,6.71,36,51.82,51,40,47
15.69,23.23,17.43,29.75,43,33,52
17.65,5.3,27.82,63.18,44,49,45
40.76,46.03,26.73,29.87,56,33,41
67.17,52.71,36.93,49.78,40,42,54
30.24,29.66,40.64,41.05,46,26,47
48.37,50.89,42.49,46.61,20,12,23
19.82,4.28,54.06,67.64,27,19,26
43.9,47.2,37.58,33.69,42,27,33
39.3,53.63,32.19,19.75,32,26,28
75.01,51.61,35.62,33.26,43,25,44
20.64,28.25,18.81,39.12,48,41,49
58.64,43.16,45.71,45.47,25,27,50
28.08,15.1,50.18,74.78,107,113,86
50.53,50.51,50.78,49.92,52,48,47
17.32,27.47,23.67,41.24,29,16,16
58.07,42.66,31.91,29.28,51,43,49
45.68,47.73,41.51,43.44,24,12,31
17.95,25.84,22.44,36.4,29,16,20
29.53,28.86,17.84,37.76,38,28,35
72.07,48.38,31.04,20.31,38,30,33
20.24,33.5,21.18,22.4,44,28,36
5.35,12.34,15.46,19.77,34,46,43
20.71,31.13,6.22,39.6,20,31,16
10.17,22.65,6.46,22.65,26,15,20
10.97,21.88,16.86,18.84,55,57,92
43.21,47.66,36.62,27.97,38,36,42
62.69,59.7,37.64,50.23,10,56,11
35.3,39.56,28.92,26.57,47,27,29
61.95,63.14,48.65,39.91,45,46,48
26.62,17.07,24.15,52.53,69,30,50
13.91,9.17,22.4,52.37,19,21,28
41.46,49.41,38.75,30.58,17,39,48
37.13,40.1,43.81,35.18,50,44,52
43.83,46.16,42.91,40.28,49,44,46
39.91,40.84,35.12,29.38,36,27,45
54.59,35.54,30.34,32.32,44,40,42
22.39,20.26,32.43,56.64,36,26,36
23.09,5.52,37.38,42.05,16,44,35
26.09,18.85,22.67,43.19,41,34,35
33.21,32.46,23.44,25.8,24,39,36
13.33,18.42,17.32,22.04,42,35,31
90.25,67.25,46.48,54.33,16,63,51
34.73,43.27,28.09,24.4,27,25,27
46.61,50.9,34.09,30.63,26,21,23
41.28,40.46,37.05,43.3,57,54,45
26.85,17.81,29.62,46.28,60,53,46
44.71,44.37,36.91,27.67,40,24,47
21.93,25.14,30,35.74,31,12,15
66.6,39.3,20.83,26.48,50,62,23
12.34,15.28,21.1,36.3,28,34,38
32.93,39.39,13.21,20.45,60,33,47
52.55,49.76,50.01,52.27,45,42,43
52.65,46.15,27.54,37.42,40,41,45
34.17,36.06,4.96,13.4,34,29,33
11.59,20.45,20.24,28.17,39,13,12
34.61,40.36,38.18,28.97,29,21,37
40.72,37.39,35.73,35.21,29,29,22
49.9,52.52,43.97,39.75,34,21,23
26.48,31.43,36.01,48.12,38,31,32
41.98,51.57,36.29,36.26,62,50,50
45.7,45.16,36.75,33.53,34,23,23
49.26,38.65,35.78,41.01,60,46,45
39.22,23.34,50.76,55.92,45,32,47
59.98,55.79,45.06,45.98,42,37,42
14.46,13.94,23.73,37.23,26,32,24
20.49,27.38,20.13,28.55,24,26,26
48.81,40.28,33.27,44.24,21,14,20
39.04,43.59,39.13,38.73,19,25,22
40.03,42,44.12,35.06,26,35,32
46.61,51.68,44.01,33.05,19,77,31
34.02,40.5,21.72,26.44,66,65,56
47.44,39.65,67.81,91.19,16,32,19
33.26,24.32,23.37,34.46,44,33,39
15.78,30.56,11.85,21.04,43,48,48
35.18,50.03,28.98,25.99,31,33,39
61.23,43.96,29.91,37.2,16,28,20
37.91,39.97,39.43,30.16,42,35,43
57.38,53.28,35.96,37.36,44,52,62
36.93,39.08,33.38,30.51,20,24,27
43.64,39.49,39.14,48.34,39,34,45
25.26,27.19,18.29,37.91,54,23,33
87.98,53.23,46.16,40.47,23,13,19
89.63,63.21,54.69,47.91,49,47,50
13.5,18,21.75,40.37,34,27,41
10,23.85,15.02,17.37,32,21,27
96.58,54.95,45.69,51.46,51,33,20
37.16,56.44,32.35,30.16,48,23,51
44.21,50.04,40.23,24.37,43,34,33
54.07,58.63,48.92,50.89,58,50,47
59.44,40.09,32.82,28.04,28,32,28
119.41,95.43,112.04,126.43,104,91,73
20.63,19.76,17.37,24.87,31,25,20
58.9,49.49,41.66,46.47,20,46,35
14.6,14.42,24.6,36.14,35,65,35
45.66,28.82,23.37,17.29,43,33,48
68.12,39.24,27.15,30.67,39,48,45
26.76,35.97,15.14,3.58,41,37,40
19.69,26.32,17.45,21.14,38,34,37
20.01,22.63,19.45,24.7,49,33,44
44.93,45,51.2,41.48,44,51,48
50.69,44.07,24.76,25.79,32,43,24
44.79,42.01,39,48.48,57,28,48
46.72,44.25,35.99,42.31,38,38,34
68.58,70.47,49.52,37.84,16,59,34
36.17,35.58,39.15,56.6,51,38,44
60.86,61.48,49.18,35.92,45,49,51
27.78,17.43,30.8,54.6,50,30,37
91.21,52.4,36.57,43.86,38,48,20
61.86,58.8,47.16,36.56,45,35,40
28.35,10.88,32.16,42.62,68,58,36
31.29,19.5,33.23,29.48,42,33,30
35.96,50.48,23.08,15.39,33,38,33
83.15,62.07,32.61,39.31,69,65,47
47.08,30.18,50.92,57.92,28,23,25
32.61,13.9,37.14,48.73,25,70,60
42.95,47.52,39.26,38.72,48,43,52
13.9,14.16,22.09,32.63,51,51,51
32.05,37.37,41.39,33.63,55,43,50
49.29,48.91,44.5,50.1,29,34,31
11.68,23.85,20.76,27.4,53,43,47
8.44,35.91,4.74,21.73,21,17,15
51.68,57.47,48.22,40.76,20,55,28
56.93,65.94,43.67,21.16,47,33,45
56.33,33.08,30.14,32.31,31,31,24
43.86,56.06,31.24,18.64,28,16,22
58.48,41.35,25.33,25.91,23,30,21
38.24,53,20.86,13.91,42,40,47
23.12,35.66,21.95,41.83,35,45,34
15.58,13.31,12.58,29.84,23,36,15
92.26,35.11,40.38,45.46,27,42,16
23.76,9.4,18.97,39.85,56,47,32
58.42,55.19,35.75,33.03,37,27,39
10.89,6.69,16.73,31.9,38,33,38
64.75,39.93,31.72,24.26,22,31,21
59.06,45.38,43.09,54.41,78,37,40
94.33,67.37,60.33,63.61,36,38,47
73,41.42,30.44,37.69,24,19,21
23.88,20.94,26.97,28.54,31,53,26
14.86,14.69,15.81,33.41,70,70,50
13.69,9.78,25.67,42.79,32,40,21
79.96,40.62,29.84,30.03,26,76,7
3.11,19.36,18.87,35.03,21,39,19
65.48,42.48,44.43,75.31,71,64,47
57.41,45.66,35.14,23.87,24,53,34
58.87,58.13,48.52,50.69,39,55,18
70.08,45.31,40.42,50.63,20,64,25
44.6,51.4,31.32,27.97,71,79,34
46.68,51.88,27.19,29.91,34,43,59
52.36,47.57,42.27,39.24,16,21,16
111.57,48.42,81.53,87.18,37,21,42
65.99,55,38.55,29.2,33,33,30
49.31,46.64,37.39,36.59,26,36,51
23.68,24.56,21.1,36.33,26,27,35
18.68,25.51,17.76,23.53,35,38,47
27.72,11.05,25.87,37.47,45,25,46
27.48,30.8,32.61,39.04,54,42,33
28.12,13.55,41.16,43.88,28,21,31
51.94,67.08,44.77,38.33,47,41,47
54.63,39.82,38.79,41.59,45,43,41
28.66,57.82,8.45,20.78,41,30,39
23.63,31.36,31.37,35.75,43,33,31
39.83,47.68,28.9,31.07,29,19,27
20.54,0.25,20.36,45.12,25,21,22
56.71,51.21,45.21,53.97,14,27,39
28.74,12.96,22.78,34.9,39,30,39
40.73,41.83,38.23,29.77,49,34,38
44.02,44.32,45.08,48.97,29,85,40
17.14,25.77,29.23,43.64,32,68,34
36.53,28.81,24.41,31.53,52,35,28
46.02,38.86,31.48,31.4,79,57,29
33.51,29.01,12.98,18.03,31,34,37
13.47,13.92,18.53,31.06,46,47,45
30.4,28.91,20,18.31,16,37,9
42.92,41.95,39.51,28.81,27,35,22
35.32,42.89,42.78,33.36,35,30,19
23.8,27.19,24.29,40.8,67,103,33
42.32,37.69,21.44,23.69,48,37,45
42.26,55.58,22.97,20.51,38,23,36
56.88,38.55,35.01,40.08,56,44,35
44.7,41.18,35.91,39.44,24,23,15
10.98,16.65,16.09,29.64,20,22,38
37.43,43.49,31.13,22.74,34,39,42
55.86,64.88,44.24,23.71,64,56,50
24.38,8.86,35.13,57.55,52,37,41
51.02,57.69,52.6,51.37,33,24,22
57.54,34.93,32.46,23.81,62,51,43
26.49,33.61,30.91,31.82,28,34,35
51.15,52.74,42.9,47.3,34,49,22
51.97,49.1,38.25,28.33,41,53,31
31.3,10.77,31.91,52.62,49,35,50
63.77,47.91,30.92,30,51,54,46
25.13,18.68,10.41,38.89,39,37,44
44.8,50.89,47.46,47.42,45,27,33
5.95,13.99,35.66,58.46,35,44,37
34.54,25.96,8.75,16.42,28,48,25
32.69,21.76,36.87,51.74,39,42,52
16.19,26.86,21.53,33.32,72,64,40
29.88,31.2,4.81,18.62,39,29,57
33.9,31.05,14.46,19.71,49,41,48
24.27,12.85,35.92,50.48,48,30,40
14.05,16.86,13.99,36.75,30,35,28
12.12,22.14,24.69,40.35,70,53,60
66.82,34.26,30.29,51.05,25,42,20
15.34,10.22,15.46,35.89,8,26,17
20.42,34.11,23.3,32.89,10,51,51
18.28,22.03,20.2,27.27,29,32,27
60.15,50.96,33.95,34.74,41,98,33
34.9,43.14,33.41,24.42,67,62,51
49.76,49,46.95,44.84,46,32,45
53.2,44.71,23.32,25.8,54,36,35
21.23,28.66,24.71,29.1,53,36,46
21.79,5.86,40.53,59.64,30,27,28
41.7,44.25,39.88,32.22,84,68,46
56.82,76.44,49.75,31.18,44,43,49
44.28,46.03,41.2,52.92,42,42,51
6.77,7.4,29.12,39.36,36,28,40
21.86,-3.42,51.99,58.23,69,59,35
49.69,54.8,52.28,35.91,24,51,21
22.61,21.83,39.6,65.29,29,18,21
40.92,12.17,20.7,28.07,34,35,45
43.38,42.84,37.19,39.3,25,24,30
53.4,55.85,27.39,27.44,31,22,30
56.52,46.56,31.2,38.19,47,34,36
30.63,35.35,12.47,10.61,40,30,45
42.33,31.29,16,17.27,29,30,17
16.84,24.1,22.89,37.58,49,41,39
47.6,39.24,57.17,103.95,37,66,39
47.72,43.49,32.25,28.65,31,23,28
39.22,37.37,19.36,20.83,42,50,45
21.48,9.19,29.51,52.96,40,42,52
17.08,25.88,20.85,25.87,39,44,54
56.57,62.54,50.82,36.72,40,25,40
53.5,50.33,30.9,29.1,58,23,47
35.31,45.8,35.12,24.1,37,33,26
45.73,53.19,40.54,30.11,19,48,20
19.06,39.44,28.09,38.17,54,53,44
18.39,23.94,20.18,21.57,38,137,41
39.62,52.52,29.92,27.09,58,49,37
52.28,49.7,39.91,40.19,41,54,53
57.02,52.98,31.96,38.13,79,69,55
45.69,34.35,35.24,38.58,50,41,39
14.17,56.03,28.11,48.83,89,86,59
39.26,41.56,46.76,51.73,38,25,25
37.21,38.84,18.23,26.92,23,17,18
89.16,75.96,45.69,27.85,22,17,32
56.3,22.28,48.15,32.09,46,37,39
12.7,9.47,17.87,33.92,47,33,40
19.42,32.68,7.27,20.86,44,31,47
50.34,52.75,42.32,34.25,24,33,22
39.59,45.05,37.46,27.81,43,43,44
20.18,23.43,17.31,29.16,47,26,50
57.32,58.83,53.07,48.83,54,37,48
14.09,17.41,15,21.03,23,22,19
46.64,44.45,40.06,31.2,67,54,12
81.87,75.03,38.6,28.13,49,34,41
39.2,38.93,39.33,50,47,36,30
21.85,32.59,27.11,29.85,17,16,19
42.57,41.86,39.44,42.26,40,29,42
14.26,32.06,11.33,26.55,36,44,46
53.91,57.72,29.07,31.08,52,40,41
84.38,61.16,39.83,32.42,44,62,25
54.46,49.57,47.32,52.42,29,44,38
17.41,29.67,18.55,26.79,38,31,41
46.94,51.58,25.95,24.96,68,50,35
64.3,44.41,33.78,28.16,32,33,39
48.94,49.78,33.01,32.51,57,45,81
16.09,18.5,14.5,29.75,40,25,44
63.65,60.9,47.4,31.61,43,43,46
33.25,24.72,30.97,55.31,28,24,23
47.02,48.21,38.53,45.37,17,23,7
13.24,25.22,16.81,22.02,53,39,51
10.24,20.23,1.43,19.09,25,35,27
30.13,20.9,17.93,25.45,60,42,38
30.68,27.21,30.3,46.66,41,42,47
39.52,40.15,36.61,44.26,42,26,61
45.12,43.98,45.97,40.31,53,61,35
11.11,7.58,21.66,50.83,53,41,49
49.53,50.72,38.56,33.49,49,37,36
21.72,25.99,27.14,33.57,35,47,79
64.11,43.38,31.54,37.48,19,30,21
20.82,24.26,27.69,41.2,24,40,35
78.79,51.14,37.72,39.33,28,49,32
30.29,15.3,57.4,80.98,42,39,42
52.6,46.53,40.93,47.69,40,20,26
29.39,36.18,26.11,14.63,50,49,45
69.75,52.08,36.1,22.27,30,23,25
9.5,6.25,32.23,54.53,26,31,24
46.65,51.41,29.43,26.71,23,20,25
44.44,46.18,47.6,38.03,33,34,44
52.98,55.4,29.79,24.74,27,26,21
51.86,51.81,46.19,45.87,42,31,38
17.66,7.25,22.65,29.44,46,33,46
58.25,53.66,44.87,37.53,39,34,34
44.68,49.19,42.47,48.78,51,34,53
30.26,23.8,9.99,38.62,29,27,19
49.68,45.2,37.22,51.45,39,35,50
22.8,37.42,28.36,42.26,35,21,26
20.87,13.22,38.02,69.74,44,42,51
17.26,17.79,25.09,32.96,41,30,43
37.72,29.46,30.35,54.31,16,50,51
24.14,26.89,49.21,76.05,47,48,37
86.55,65.57,50.8,56.12,55,35,44
4.8,17.28,25.84,45.06,55,38,51
65.43,45.04,31.41,37.33,30,30,33
13.13,20.55,18.88,30.43,56,37,60
47.41,40.86,13.07,14.31,38,51,58
88.44,29.14,61.7,80.58,36,36,42
37.86,52.45,23.85,19.95,76,56,53
17.59,18.48,27.54,37.87,26,22,28
23.09,19.4,43.38,64.17,52,40,55
79.85,36.61,31.99,46.46,31,61,17
49.49,51.8,45.5,47.26,41,43,50
94.96,58.67,53.96,75.28,86,79,58
15.37,19.4,23.02,49.85,41,40,37
28.26,34.25,21.43,21.32,50,37,42
39.09,35.94,37.56,41.27,47,36,29
17.07,23.71,19.33,40.48,31,13,27
20.84,16.01,29.44,42.38,37,60,25
50.91,27.91,29.9,22.9,52,37,45
37.49,38.84,33.25,29.22,76,73,49
23.28,22.62,38.24,46.5,40,45,43
27.77,17.45,32.06,50.39,67,57,61
17.58,22.12,10.99,47.5,30,32,26
43.75,44.82,35.81,26.26,34,40,34
59.91,37.6,20.95,37.17,25,12,14
46.52,51.1,40.06,39.51,61,47,57
4.02,15.92,11.84,26.72,39,59,35
82.71,62.77,56.93,74.05,48,41,38
-0.41,9.4,13.31,45.55,27,21,22
23.97,36.15,19.28,16.69,40,35,35
53.74,46.98,40.73,38.11,26,31,32
48.89,49.68,43.14,37.81,41,20,28
32.81,38.96,29.18,21.02,62,71,38
28.57,36.99,23.37,57.11,47,45,43
15.1,18.64,18.63,37.84,54,55,52
44.23,43,44.85,47.5,66,54,53
8.66,12.92,17.14,28.34,26,10,24
43.23,41.16,43.14,57.78,28,27,33
44.94,54.57,31.82,31.05,41,30,44
2.61,25.28,14.11,31.84,38,25,32
53.49,33.99,29.68,28.03,41,34,47
18.94,33.36,12.9,25.63,48,43,47
73.02,45.42,30.41,41.33,20,23,40
15.29,29.35,19.31,13.02,24,45,35
57.26,50.54,31.2,37.03,59,70,51
34.54,34.91,31.27,23.43,29,64,22
32.64,25,45.37,47.46,42,41,44
7.95,10.8,17.24,35.42,20,60,61
11.44,0.79,5.63,42.4,40,31,47
20.95,26.14,27.73,36.8,50,51,53
62.6,43.03,32.43,24.48,44,44,36
41.08,48.41,39.82,34.54,27,28,29
71.36,48.87,39.14,27.04,41,32,43
18.18,24.33,17.12,19.58,24,17,19
44.29,47.96,34.33,35.57,19,56,22
46.73,48.3,44.86,43.78,44,32,41
20.73,28.11,11.31,39.75,48,41,39
32.56,67.11,29.65,20.42,44,37,41
66.85,54.99,39.21,38.81,39,41,46
41.87,49.29,31.21,33.39,38,38,44
96.25,39.41,46.6,48.55,14,20,17
65.16,53.74,28.83,14.21,21,53,57
55.78,21.66,24.78,32.57,53,37,46
48.61,40.26,32.65,39.75,67,30,51
16.32,16.57,23.45,46.28,27,27,23
49.12,46.49,42.49,49.72,18,27,38
11.74,16.45,21.41,37.68,44,32,37
47.56,51.4,37.8,29.05,19,50,21
7.22,20.21,11.73,30.17,33,49,57
34.14,22.15,14.55,26.01,54,14,43
90.24,74.18,68.99,61.76,32,31,30
9.7,15.61,2.53,6.19,26,18,25
44.33,40.76,35.82,54.8,31,27,44
51.75,53.13,36.13,21.09,49,45,43
66.17,29.42,36.88,69.14,45,43,45
17.51,17.23,22.74,30,31,18,15
40.06,21.53,44.91,62.45,45,27,56
39.99,54.94,15.88,12.73,17,31,21
22.94,25.25,21.04,25.73,19,48,54
91.79,53.3,42.52,46.75,61,52,46
89.55,54.27,39.18,33.22,41,32,37
12.56,16.74,19.41,28.95,40,43,42
5.05,4.58,8.65,28.56,45,39,50
60.25,48.33,35.92,41.86,16,31,18
53.18,43.95,7.31,24.35,41,36,31
13.38,6.72,26.97,45.4,46,41,46
48.01,43.1,33.61,30.99,47,47,47
30.83,14.09,24.32,40.87,51,34,27
30.77,17.98,22.42,34.9,38,72,30
89.1,54.01,51.43,85.86,38,42,38
51.55,56.29,34.93,21.41,34,24,74
30.19,29.45,8.74,11.99,27,17,27
32.54,42.09,39.33,31.08,33,32,32
64.91,62.49,31.75,32.73,19,23,29
81.97,39.34,40.29,27.6,44,42,48
19,20.39,32.52,51.01,65,47,44
74.37,55.44,40.92,39.41,21,67,39
22.71,22.05,19.87,30.23,68,48,45
41.73,19.68,13.09,24.27,36,20,14
21.64,9.81,-0.43,11.18,25,42,45
40.63,46.42,38.76,30.33,24,61,28
52.29,48.9,38.93,31.74,36,36,20
85.39,55.74,41.23,45.75,25,32,16
19,24.17,25.06,29.12,36,33,37
10.76,15.27,24.82,48.33,41,30,42
28.76,48.7,17.25,11.05,51,42,56
21.26,20.74,28.58,49.26,25,50,57
47.2,45.02,41.47,39.93,22,31,30
74.82,53.94,42.22,34.4,46,33,41
16.8,26.62,17.8,25.56,40,38,39
41.07,44.35,33.9,50.88,37,36,44
56.64,49.94,39.32,31.76,23,28,41
28.87,32.22,34.49,41.68,48,41,54
30.66,37.64,13.1,20.51,80,80,71
41.63,47.29,41.89,31.57,59,40,32
17.08,17.16,14.34,22.17,44,38,44
19.34,22.63,17.43,31.48,40,31,33
59.63,61.6,46.97,33.99,43,25,43
51.78,45.18,40.4,32.49,32,15,31
30.98,37.36,33.13,32.41,66,60,37
39.76,43.8,39.55,33.16,66,51,38
71.77,33.66,58.39,77.99,12,60,48
73.79,60.16,29.9,27.19,52,28,48
19.25,19.25,35.05,43.73,27,17,23
22.8,20.44,14.84,27.34,51,43,30
14.59,18.9,22.5,28.8,26,22,35
59.65,53,41.12,35.15,48,35,40
17.09,19.6,18.64,43.34,30,19,26
47.29,53.8,32.19,29.31,12,36,49
38.17,39.68,34.79,34.45,41,29,30
29.58,18.07,13.13,43.61,50,37,35
9.06,9.04,17.32,36.29,47,21,47
39.37,47.19,40.63,31.37,29,23,41
41.62,43.49,38.63,47.54,26,41,16
40.77,31.11,43.4,66.9,38,27,35
43.98,51.44,37.19,25.37,24,34,27
49.74,47.56,41.82,44.24,42,43,42
47.45,50.45,41.85,33.09,29,30,32
48.64,42.1,38.75,34.66,42,31,43
39.38,44.25,39.6,36.22,40,38,42
47.53,36.94,11.42,19.26,26,21,18
14.2,22.59,12.22,17.88,38,32,40
21.28,18.91,39.99,56.44,47,41,32
37.66,44.07,27.39,13.15,42,38,39
34.62,38.68,19.17,38.9,22,8,13
51.9,40.98,42.58,45.51,64,61,79
55.18,45.37,44.3,52.47,47,38,47
54.48,51.58,34.99,38.39,57,44,53
37.24,26.19,43.13,67.56,25,41,24
43.22,18.93,35.78,57.36,43,35,28
42.97,46.39,52.12,41.43,13,64,51
52.89,18.5,16.77,49.21,48,43,50
60.48,57.91,52.9,54.83,43,50,28
67.53,54.58,42.83,30.21,18,53,8
11.15,18.1,21.04,32.63,27,16,18
22.54,31.46,29.9,36.5,31,12,28
17.49,20.33,10.86,30.46,58,43,53
44.43,41.8,57.23,64.95,47,53,55
77.77,47.5,41.85,84.62,28,48,25
12.95,17.76,16.49,44.73,49,44,49
60.59,56.73,30.77,35,41,110,44
7.43,21.35,15.14,25.5,47,31,36
36.22,48.73,10.93,41.52,47,45,49
49.05,46.94,42.83,45.69,36,40,41
60.88,62.43,50.66,45.96,31,32,24
45.14,40.91,36.69,45.69,15,18,19
2.6,16.9,24.19,34.86,25,26,28
62.62,41.06,33.08,26.63,39,41,42
40.98,50.52,40.59,21.88,22,36,7
17.77,16.05,28.82,43.73,33,36,41
46.66,38.51,37.63,37.15,35,46,22
78.05,70.11,56.99,47.91,37,41,45
25.9,39.44,36.37,54.11,61,60,65
48.38,55.67,44.03,44.93,25,13,27
82.38,47.57,36.98,34.15,35,45,20
44.36,55.72,30.44,16.35,45,34,43
23.09,27.8,22.25,21.68,92,101,55
47.76,47.24,37.61,41.34,37,26,29
43.35,45.26,42.2,34.56,49,9,45
46.19,49.3,36.61,32.09,52,35,57
59.07,51.15,30.33,25.68,41,38,46
28.35,14.87,47.67,68.4,44,32,49
88.23,60.92,32.57,32.19,67,42,38
45.14,48.45,24.59,29.28,20,24,25
75.08,47.35,29.74,33.3,39,27,32
49.55,50.57,42,45.3,24,31,18
49.02,47.69,42.64,43.63,43,45,45
10.58,44.47,9.77,44.88,30,28,20
46.85,49.75,35.86,26.46,30,29,21
40.46,33.61,28.07,34.98,31,25,23
10.52,8.14,12.67,34.11,41,44,40
72.22,58.63,45.49,45.55,43,29,41
43.91,13.48,29.08,44.48,42,37,44
54.19,26.2,17.8,32.67,41,46,46
32.2,35.17,35.41,45.94,41,62,51
30.21,18.76,30.39,45.98,41,34,36
51.27,51.69,45.12,33.85,72,66,47
44.24,54.27,42.03,38.47,89,81,68
8.97,25.21,19.51,53.85,41,34,38
7.67,26.59,-1.53,12.32,22,22,26
98.41,59.04,61.2,68.11,54,92,33
10.71,9.18,10.51,27.6,37,57,33
17.8,12.76,25.65,33.29,38,33,43
79.76,28.57,40.12,35.96,39,32,47
19.71,27.86,4.15,3.02,37,38,28
45.51,42.62,41.65,50.33,31,32,37
28.16,37.23,16.39,26.69,21,15,23
41.78,44.62,37.95,24.39,44,21,36
36.79,33.49,22.33,23.28,46,36,47
56.5,60.61,42.65,28.88,38,29,35
5.76,7.4,20.47,45.56,26,26,19
41.24,43.47,41.93,44.51,47,41,49
7.12,13.82,19.1,33.36,27,28,19
60.06,54.61,32.68,25.37,44,56,41
36.81,37.05,45.87,42.24,19,33,16
10.82,19.43,21.84,29.28,38,29,35
15.1,29.93,1.4,9.64,46,17,45
41.16,36.61,31.82,31.02,35,11,39
46.51,43.63,52.54,54.18,35,26,44
22.27,20.03,18.38,32.58,30,40,37
24.46,20.27,32.57,32.13,55,47,34
65.86,48.33,29.22,25.45,87,85,38
89.38,49.7,36.86,32.72,49,38,37
14.19,29.66,22.56,49.5,39,30,45
60.3,52.65,34.66,29.76,61,45,22
73.61,58.22,44.65,46.66,56,57,27
18.08,18.77,30.67,49.47,52,31,60
23.92,20.74,33.6,53.86,94,101,86
61.86,54.75,49.78,47.02,57,50,48
54.81,54.15,27.39,25.36,17,45,26
40.41,39.86,30.55,27.62,44,35,53
25.71,25.01,18.32,24.84,47,37,44
48.82,26.11,27.36,36.91,33,25,31
36.7,35.99,32.31,37.36,70,66,42
24.57,1.13,23.33,40.21,44,27,46
12.84,16.01,19.17,28.63,88,67,69
19.19,15.28,24.21,34.69,50,28,42
16.43,25.87,18.46,44.97,25,36,39
14.96,6.58,18.4,37.96,44,31,45
12.66,27.39,13.51,10.74,14,43,52
22.12,8.61,17.22,26.15,32,22,36
17.54,15.27,-7.4,30.23,34,22,24
44.01,44.86,42.74,41.14,29,18,25
10.24,35.6,3.78,21.26,52,33,39
36.18,32.45,29.3,23.3,42,27,44
16.63,31.4,9.47,28.63,59,36,37
48.14,43.2,31.52,34.59,22,147,34
12,33.69,14.45,32.16,25,19,26
12.16,13.16,13.48,28.03,48,28,35
27.28,6.3,39.95,61.52,30,22,27
41.96,47.19,34.36,29.07,43,29,24
26.75,32.46,24.11,20.02,22,46,13
69.67,72.18,48.56,39.45,63,46,40
28.2,14.59,40.26,55.49,50,56,42
16.84,11.43,21.42,38.63,36,48,19
43.29,46.76,27.27,16.62,17,38,66
53.58,45.78,35.88,22.31,78,62,59
56.02,52.81,36.66,45.08,35,24,41
9.43,18.43,9.08,22.78,49,42,35
11.96,16.38,17.5,36.3,49,44,34
76.29,51.57,38.79,21.41,77,67,49
58.63,50.87,31.9,34.19,37,36,44
44.67,46.97,37.29,31.05,28,17,25
41.71,24.99,33.83,36.06,42,20,25
41.26,45.22,14.96,16.43,21,36,18
71.54,39.69,26.17,29.76,45,36,39
21.2,18.93,16.48,21.16,47,37,39
19.38,29.78,11.53,19.07,46,31,30
37.16,30.49,3.3,32.98,76,75,35
11.57,47.72,18.08,28.83,20,27,20
89.27,53.02,39.75,60.55,23,20,17
37.58,27.84,24.44,32.44,35,40,41
16.4,13.26,18.72,31.99,36,90,28
65.57,53.62,43.16,47.34,22,25,24
45.46,53.08,45.72,39.56,35,31,35
17.78,12.01,23.03,43.38,30,25,28
41.83,55.67,34.94,24.92,21,12,30
41.72,48.81,38.25,26.77,51,43,57
27.29,25.39,37.44,55.04,36,42,31
72.26,71.1,55.47,36.72,18,26,25
57.44,44.74,38.69,69.98,45,46,50
47.04,48.82,49.97,51.07,31,41,39
32.45,26.54,11.86,35.93,53,37,44
18.45,14.64,18.92,26.84,44,35,35
17.64,22.02,15.53,19.65,46,41,50
38.48,43.15,32.32,41.82,36,24,33
39.15,35.33,34.03,23.83,30,40,48
48.93,57.45,48.06,33.65,50,55,51
46.57,45.15,40.14,41.92,40,24,22
79.18,58.18,29.23,57.69,25,15,31
46.8,45.09,37.95,38.11,30,42,18
53.15,45.9,43.78,40.81,51,22,22
15.91,13.79,28.76,44.29,42,26,37
49.54,50.03,31.58,31.71,37,36,43
45.45,44.63,45.07,38.59,27,39,20
33.86,26.71,21.87,33.86,80,42,44
75.93,57.86,36.87,39.33,43,30,46
45.77,48.5,45.34,51.3,40,32,44
19.16,29.56,25.83,20.21,50,41,55
51.92,45.63,41.17,47.64,50,42,48
11.12,15.09,8.67,16.99,25,50,57
45.49,55.52,39.62,28.65,27,39,39
35.73,26.34,22.59,47.17,50,19,37
34.26,18.96,22.64,36.37,40,23,40
40.11,38.12,13.58,29.32,67,44,53
42.88,53.42,32.09,27.62,25,14,25
56.78,63.31,49.79,41.6,37,77,21
20.8,36.93,20.68,37.2,19,52,47
16.13,20.37,19.98,25.83,37,38,41
18.6,30.33,30.47,34.05,35,52,53
106.61,49.44,63.05,64.75,42,34,35
38.65,41.18,21.52,20.38,38,36,30
28.01,25.33,24.23,36.4,39,27,34
26.05,33.19,25.22,29.79,31,33,19
28.66,42.27,25.46,41.5,34,29,46
54.16,62.57,50.42,39.15,52,42,44
9.69,33.05,17.16,23.64,34,44,44
28.02,10.59,24.66,46.66,41,35,35
25.74,36.7,31.35,31.37,47,34,48
40.26,53.13,35.6,27.74,58,45,46
30.27,34.31,28.09,37.7,44,46,49
13.27,8.87,21.67,40.29,73,57,39
40.04,39.93,43.36,41.72,81,70,60
55.52,58.79,36.29,22.32,43,49,56
10.32,14.49,17.83,32.1,31,28,25
47.71,43.96,41.96,40.26,29,23,34
57.32,51.03,44.73,48.91,26,58,15
48.9,65.16,18.96,19.11,43,35,49
59.88,51.9,33.06,34.78,20,17,27
14.12,19.7,39.24,62.65,40,29,48
67.33,52.3,38.5,39.5,29,51,28
18.56,25.81,20.08,33.58,40,37,47
13.69,17.74,18.98,39.17,30,41,23
54.46,50.75,50.06,56.28,30,20,28
63.74,60.26,32.08,16.11,44,87,65
75.82,58.34,35.46,25.43,20,28,26
29.79,8.33,6.58,40.2,29,30,38
35.61,49.46,11.17,9.93,78,70,46
24.91,21.7,40.48,66.26,60,43,43
27.69,42.9,20.37,42.32,34,23,24
49.59,54.03,42.35,36.94,26,76,17
72.8,49.53,34.84,56.53,56,37,43
47.01,48.3,34.44,23.51,58,32,47
53.34,56.37,44.8,51.8,49,33,39
20.15,34.16,14.64,17.75,21,49,35
22.2,-0.33,28.02,44.2,70,63,57
36.35,39.82,30.12,24.54,57,40,71
15.43,22.6,22.33,29.56,27,24,27
33.43,21.29,42.45,54.69,56,42,53
13.51,18.62,28.36,49.47,39,21,26
42.67,49.98,31.76,27.23,28,37,40
48.51,55.48,32.28,22.8,46,37,37
24.72,22.68,27.31,45.85,69,69,42
39.85,49.6,32.9,25.55,38,34,36
61.75,70.37,76.69,91.59,93,86,62
16.71,18.44,21.59,43.35,28,26,21
69.74,56.11,35.51,27.41,40,50,34
55.67,36.17,41.49,30.8,40,25,43
55.32,54.08,44.83,46.91,72,57,31
60.19,46.33,56.89,59.82,20,41,18
18.19,14.13,31.62,55.72,26,24,20
64.74,68.65,50.35,38.32,31,22,31
48.88,49.95,42.83,33.02,43,42,41
47.16,44.34,31.89,45.04,32,44,32
50.14,44.44,44.62,37.94,63,54,50
66.53,45.38,27.17,27.54,45,39,42
35.69,38.38,38.55,27.83,27,26,28
59.74,39.35,34.08,32.86,34,34,37
61.6,56.56,49.99,53.52,55,51,38
16.94,34.78,14.03,31.67,36,33,37
16.8,18.02,27.99,47.8,46,38,45
30.03,38.92,15.82,13,30,22,28
51.11,51.63,36.21,40.42,32,31,17
17.06,23.99,15.67,27.63,49,28,44
6.37,21.01,11.29,19.53,28,30,28
65.36,55.33,40.49,25.58,23,22,47
77.07,28.1,33.08,22.52,20,29,33
57.86,50.33,46.68,38.62,39,19,27
25.71,13.72,22.39,27.33,25,40,38
36.45,45.39,31.56,35.96,28,26,22
42.66,45.17,41.5,31.23,56,49,49
40.35,42.73,37.91,33.11,47,38,42
12.11,16.92,17.25,23.25,86,83,67
67.95,57.6,37.94,26.31,34,31,40
44.16,49.57,44.92,32.49,27,12,25
14.42,37.51,13.08,34.36,15,48,58
46.25,54.72,33.76,24.72,27,20,32
50.53,46.35,38.32,32,21,24,13
59.26,54.71,36.13,44.42,34,34,34
88.04,42.73,36.26,28.36,37,39,42
15.56,19.26,26.77,36.47,34,38,41
9.01,17.84,15.01,39.77,42,32,39
27.81,39.56,13.8,27.54,35,30,37
24.21,22.68,18.18,23.65,34,33,56
34.01,42.06,23.66,19.29,45,42,43
37.21,49.23,37.91,25.03,62,73,59
22.73,29.21,28.53,25.55,41,49,70
40.01,29.45,50.11,68.14,38,31,31
47.77,43.77,36.16,38.91,32,35,83
54.69,60.46,28.02,21.07,48,70,45
46.9,40.2,34.47,30.69,25,29,25
74.93,44.65,27.79,31.27,36,36,27
13.41,19.68,15.94,22.03,25,2,20
43.91,39.47,32.94,39.82,39,50,54
45.12,48.93,46.82,42.8,28,23,25
39,42.37,43.38,37.07,27,40,14
14.35,22.88,16.91,15.15,31,25,25
33.37,39.15,27.33,24.12,51,42,50
26.22,22.22,22.25,45.43,46,25,43
32.1,29.09,35.62,27.34,38,28,40
61.25,51.39,37.49,29.9,41,40,42
19.96,13.37,20.46,35.96,29,16,24
47.15,40.6,59.19,78.76,46,42,32
19.93,25.71,23.96,25.68,26,21,22
11.04,6.75,17.47,33.91,49,32,49
11.92,16.52,19.67,27.83,29,17,35
57.52,42.01,26.63,25.09,40,37,40
47.75,60.67,34.45,27.8,23,39,23
49.63,49.44,45.73,44.51,23,29,36
2.91,14.23,10.55,36.85,60,50,42
48.27,54.42,42.91,38.52,42,38,48
40.72,45.55,37.93,38.53,36,42,48
14.48,21.97,14.37,15.62,23,17,24
26.05,38.35,28.13,47.85,39,46,51
15.75,19.44,16.6,28.22,39,41,40
20.55,23.5,23.7,27.73,35,36,40
22.24,16.21,18.99,42.19,20,35,25
95.22,66.45,64.3,64.87,20,45,33
45.86,38.94,29.45,36.91,37,42,42
25.86,22.33,37.68,44.18,21,30,26
4.93,-0.35,12.55,35.48,40,39,35
61.92,69.48,51.56,30.17,24,31,14
65.95,39.37,28.85,38.51,38,18,33
53.6,53.44,45.8,48.07,38,42,36
22.2,22.52,18.77,27.28,46,23,50
24.11,24.63,25.76,32.29,37,22,37
31.42,25.2,38.97,55.85,24,17,27
40.66,45.99,40.46,25.46,38,36,38
60.48,56.26,40.32,30.89,19,46,27
33.61,37.7,52.5,66.63,37,23,39
52.1,54.09,36.44,26.89,26,59,15
50.78,57.98,29.87,33.36,42,48,23
82.05,61.61,41.43,35.59,40,35,47
79.9,59.69,34.67,35.27,45,43,31
45.48,41.11,40.56,44.17,43,42,46
24.81,24.78,19.84,45.09,24,27,19
35.38,40.72,37.43,26.78,33,22,24
61.1,61.22,52.67,45.7,43,27,31
35.76,43.91,36.64,30.2,42,33,40
47.89,54.78,44.2,37.2,28,30,27
60.45,51.3,40.08,43.53,19,20,9
49.56,51.72,50.26,54.56,55,38,33
14.88,20.69,17.18,16.41,48,38,46
36.81,17.52,37.6,41.51,38,26,33
47.85,53.45,40.57,30.25,67,59,46
46.46,50.23,38.97,39.17,19,38,16
56.63,48.48,59.86,72.53,27,33,20
51.46,52.17,43.4,41.22,88,85,43
20.22,16.58,-4.51,17.42,28,38,36
44.93,46.08,46.13,49.64,40,44,40
97.13,70.67,67.7,89.82,16,47,33
79.33,57.31,36.98,31.33,36,17,36
50.16,55.62,26.78,27.48,62,57,63
17.44,22.42,13.41,30.75,31,20,22
36.98,28.82,4.89,32.84,42,26,45
25.65,47.92,25.83,24.79,35,64,40
18.65,17.8,25.46,32.25,32,47,55
21.89,28.95,25.68,28.09,68,54,39
54.44,54.43,37.78,38.36,53,39,41
30.13,11.68,18.22,46.21,49,42,41
38.49,42.42,30.79,34.02,47,43,47
20.92,20.48,21.84,16.69,62,62,28
45.57,43.32,33.22,31.3,43,36,45
50.01,49.4,30.9,27.56,32,14,22
40.38,66.45,30.89,57.19,39,27,38
39.11,45.34,48.61,51.92,28,21,21
54.6,54.4,56.05,60.59,47,41,39
42.6,45.05,38.84,40.15,45,36,41
57.87,58.5,54.47,54.68,53,35,51
52.72,40.41,29.39,35.02,25,27,21
17.55,-4.5,33.76,61.95,48,28,31
30.96,26.64,18.36,26.81,41,45,54
25.71,31.12,25.26,37.8,28,36,35
15.91,24.19,15.34,35.01,40,29,35
17.18,16.78,24.03,39.69,41,33,46
37.22,35.17,26.66,36.42,90,93,64
35.67,43.29,33.72,20.76,22,32,23
72.73,37.37,32.78,33.86,41,35,41
57.43,45.98,33.66,38.6,41,88,18
21.5,5.65,16.64,36.92,41,37,41
54.37,47.78,34.78,33.69,43,39,46
38.36,52.53,31.79,24.87,16,58,50
23.69,40.92,33.11,49.74,22,24,22
46.87,51.24,31.94,27.45,24,67,60
19.93,22.86,18.26,19.01,46,125,33
49.24,46.76,41.01,38.59,46,7,29
41.22,46.5,34.34,28.63,37,34,42
19.62,38.65,15.09,18.99,65,49,63
53.77,46.22,35.17,30.64,59,83,25
71.51,48.77,43.32,50.45,41,24,44
47.09,49.63,32.79,38.69,39,29,30
35.41,13.28,16.84,40.57,32,31,28
78.66,38.98,25.52,23.33,40,30,43
12.98,22.95,20.33,22.19,30,35,32
77.03,48.18,26.64,63.92,25,21,27
17.81,37.28,14.84,30.68,45,34,55
4.81,16.19,18.15,36.72,39,30,48
66.85,67.51,36.81,21.51,63,82,64
17.64,29.19,14.87,27.57,33,26,16
47.28,39.14,33.92,41.28,72,65,52
54.88,58.28,48.04,43.99,76,65,52
59.75,50.01,26.34,22.66,43,42,47
64.59,41.96,20.68,24.7,14,38,12
48.22,40.28,44.35,42.95,46,38,43
55.78,53.55,40.24,32.84,40,21,41
58.27,54.75,35.55,24.65,42,40,25
30.04,31.71,19.98,23.58,37,39,38
44.13,44.1,26.41,14.3,28,47,33
92.45,41.26,38.72,33.87,41,51,41
21.1,10.66,21.87,33.24,82,51,41
71.62,40.82,33.69,35.18,44,34,39
37.75,42.36,39.04,36.86,57,48,39
49.02,46.59,31.81,25.35,50,40,51
18.66,26.11,22.92,33.36,46,67,36
60.55,43.83,32.45,35.11,85,81,57
52.66,50.1,41.69,51.59,27,34,28
46.97,38.26,37.7,24.01,40,34,40
17.63,15.45,19.67,41.17,48,29,55
9.6,4.43,18.62,45.76,42,42,47
34.59,35.96,38.77,54.04,90,87,40
88.83,57.06,54.73,63.22,28,21,27
65.16,55.43,40.17,36.66,35,17,21
43.88,65.6,31.65,22.24,19,83,44
28.61,17.94,25.38,33.92,11,24,29
33.91,30.15,43.05,62.37,35,49,42
26.44,24.38,33.59,47.33,24,26,17
85.59,79.83,76.16,74.09,45,37,46
15.29,34.44,23.81,35.82,26,20,22
9.6,24.38,20.22,31.28,35,10,20
58.67,55.24,38.21,46.58,54,44,30
54.3,50.37,39.65,36.7,26,42,19
47.8,35.55,35.45,22.11,43,30,48
14.61,12.37,18.87,44.28,46,36,46
10.68,14.46,29.33,35.83,47,58,41
35.87,33.08,37.7,62.38,35,31,27
15.67,21.89,16.11,18.4,84,92,42
57.06,45.88,37.9,39.33,81,62,36
16.95,29.89,13.2,17.6,29,64,27
37.66,34.63,24.94,40.7,57,43,48
53.57,45.27,50.59,52.56,31,19,25
42.9,42.75,45.57,56.42,33,18,24
15.86,7.61,43.64,66.17,41,40,41
66.09,38.37,25.03,71.41,51,46,38
52.8,55.42,47.07,24.46,52,50,50
26.58,8.94,11.53,51.77,71,45,51
71.06,40.29,50,69.45,78,73,40
19.99,15.83,28.35,45.54,21,21,21
44.97,34.81,18.22,27.09,65,44,50
73.3,50.19,34.08,40.11,75,64,48
36.04,33.44,40.8,50.76,29,35,27
46.94,44.66,39.25,49.14,43,66,31
18.57,18.5,21.55,40.83,23,22,25
63.37,65.67,48.41,40.01,50,130,11
23.28,31.25,22.18,33.05,29,29,26
26.18,14.98,24.72,40.41,74,58,49
42.92,26.66,27.2,38.75,36,20,35
40.04,43.19,42.68,52.27,59,38,36
53.4,42.38,36.46,34.85,43,38,31
60.64,51.28,31.89,35.31,42,28,39
16.46,27.18,17.22,30.41,43,45,26
23.48,23.58,36.35,40.84,69,38,50
25.15,38.49,24.4,28.38,44,86,25
16.99,13.08,26.11,35.02,35,34,37
39.25,45.6,45.13,34.54,51,35,48
46.55,46.34,37.81,40.06,66,72,79
19.87,27.64,24.86,47.23,43,42,45
49.19,16.63,24.22,40.27,36,45,29
36.38,41.36,37.06,30.62,23,66,15
19.36,14.54,17.54,31.07,36,23,21
22.11,7.08,41.47,65.15,44,35,34
22.72,24.35,11.08,17.84,41,31,52
36.64,32.75,42.21,52.24,30,24,36
19.59,9.4,39.66,60.55,37,40,54
51.62,22.27,19.84,46.6,40,16,29
46.99,47.72,31.94,38.18,35,30,43
34.4,35.87,20.17,29.96,31,18,35
26.85,6.3,29.81,58.55,19,25,21
49.65,70.09,40.96,21.61,45,32,28
33.75,25.07,54.09,63.32,39,31,39
14.7,13.49,22.93,41.07,46,22,49
49.05,57.14,37.98,27.45,33,21,30
42.59,48.72,34.83,33.7,75,79,61
45.58,54.93,44.38,34.35,32,27,41
7.65,20.27,12.45,25.07,42,34,46
22.49,18.4,20.98,50.45,44,37,53
43.58,50.99,39.69,28.6,34,31,39
46.45,44.92,46.73,50.24,40,33,42
40.22,45.19,46.09,34.69,34,20,26
25.12,26.38,21.79,26.04,80,63,46
57.22,49.75,32.29,36.41,36,38,29
62.01,65,42.72,34.77,41,37,43
23.45,22.85,22.4,33.45,26,50,58
47.65,48.48,46.22,46.36,57,43,48
17.95,15.91,18.93,41.7,87,96,38
53.89,46.88,40.82,48.79,74,46,52
68.03,55.87,31.57,31.12,36,15,31
64.87,65.34,44.83,39.17,46,41,39
16.72,20.92,21.2,28.61,44,33,42
27.43,25.27,16.2,26.42,5,35,43
16.37,24.22,6.04,30.26,40,41,52
8.97,7.35,28.07,45.93,14,44,25
63.97,59.55,42.11,34.33,34,43,43
25.5,41.06,15.88,22.05,49,38,41
47.44,42.66,42.81,38.8,26,86,26
18.81,19.93,21.67,39.76,51,42,45
80.74,68.34,48.49,28.94,47,31,27
97.69,59.67,45.61,55.53,29,93,26
25.92,20.51,47.36,76.83,24,19,19
19.72,28.68,18.14,16.12,68,72,54
19.75,19.03,22.26,29.42,37,25,40
56.39,46,26.72,26.27,26,77,24
22.77,14.6,29.4,35.22,43,46,40
16.8,41.66,11.55,5.14,36,52,51
51.82,56.36,39.72,44.25,35,66,26
49.06,44.7,40.09,38.02,22,25,18
65.34,72.83,48.27,42.12,42,39,47
69.08,57.65,46.52,31.22,38,28,42
46.12,47.35,39.46,37.07,39,22,30
85.88,70.97,52.15,54.16,31,64,21
13.35,17.58,24.2,30.13,45,47,48
41.8,46.68,40.87,36.65,33,50,43
65.95,64.86,63.14,66,27,19,29
19.83,15.67,36.92,63.81,26,50,19
47.16,42.51,34.83,38.61,66,24,48
54.34,66.96,40.14,77.3,50,47,58
30.96,1.48,20.78,39.24,35,43,52
51.7,54.17,27.28,34.22,54,38,49
71.73,42.18,32.34,36.67,70,75,91
41.35,46.38,37.38,28.25,46,45,55
75.71,59.98,35.5,23.62,38,23,44
44.55,46.76,41.27,37.74,46,23,25
51.01,46.39,19.89,41.28,35,49,39
20.76,20.21,33.54,61.16,46,33,46
42.13,46.3,32.85,25.07,39,31,46
18.53,20.73,31.6,54.04,47,33,38
40.07,29.64,38.01,45.79,34,86,26
42.32,37.49,48.17,45.97,14,37,26
19.83,25.43,20.77,36.82,27,20,20
38.67,37.34,28.95,24.87,59,43,46
28.27,31.17,22.71,43.5,63,48,36
14.7,13.52,23.01,35.71,30,26,36
13.36,12.76,20.19,36.56,43,36,42
24.95,22.69,27.16,41.62,39,102,22
48.44,49.3,40.59,48.86,30,22,33
17.64,8.6,21.48,49.84,20,27,20
60.54,51.66,46.96,42.42,26,7,16
51.09,39.1,30.63,38,54,37,44
65.5,58.27,43.3,35.42,20,49,20
37.58,65.98,28.4,27.11,37,49,19
54.95,45.79,35.46,45.03,25,66,50
30.82,38.14,10.62,20.42,25,18,21
35.22,38.46,35.3,36.84,24,20,22
16.83,17.38,26.88,45.46,43,24,41
38.7,43.84,33.65,35.43,44,37,44
47.15,48.5,43.99,40.54,31,15,26
7.77,12.54,12.2,29.36,49,21,27
32.12,17.67,20.03,28.02,38,49,51
46.66,45.58,43.62,45.17,33,27,27
-2.32,9.6,20.53,43.49,40,81,34
40.06,37.52,27.78,21.48,42,46,46
29.3,23.53,25.84,44.89,44,36,40
23.11,17.06,16.28,33.42,37,27,45
98.92,29.18,40.78,54.77,51,41,48
41.03,41.96,12.81,19.98,23,41,20
43.41,23.44,20.76,41.86,17,11,17
53.69,48.44,43.22,40.67,49,27,46
33.56,46.97,37.18,28.82,20,58,36
54.79,50.5,55.69,56.44,33,21,33
22.98,21.74,18.33,26.12,34,40,29
51.53,50.78,45.92,35.04,96,99,51
45.68,37.66,43.71,47.1,51,36,49
30.94,18.78,30.29,41.6,27,18,24
22.49,12.2,30.25,60.6,44,39,51
45.42,47.29,34.21,30.17,23,34,21
39.83,38.67,34.33,33.12,69,73,76
38.97,44.79,40.81,31.35,29,126,33
37.29,44.32,38.88,45.1,38,29,42
51.74,47.86,63.35,70.91,67,77,27
17.67,17.63,19.67,37.44,40,39,21
63.76,33.57,34.93,27.93,50,46,38
88.83,31.09,53.78,81.43,30,28,21
27.03,29.07,26.4,26.55,22,13,22
14.67,8.83,30.14,49.04,39,32,36
71.88,62.87,38.57,20.18,18,45,15
60.7,49.81,37.37,35,46,41,43
49.85,48.62,31.34,24.04,22,28,23
36.08,41.91,35.69,35.02,23,19,22
45.46,39.01,32.08,33.27,22,32,17
43.68,45.73,28.35,22.57,40,34,49
15.85,21.01,21.32,40.5,58,43,52
24.7,17.14,26.76,40.72,41,39,50
40.79,40.18,25.36,34.72,44,40,51
15.05,20.96,22.42,30.16,44,77,22
27.45,19.47,26.79,36.29,23,27,17
50.64,57.44,35.57,30.73,36,33,41
47.41,48.81,43.25,47.11,46,77,29
28.65,34.15,31.7,42.25,28,25,12
11.69,6.9,16.52,29.58,52,47,45
57.59,55.48,59.65,66.53,54,65,21
18.42,18.39,21.6,27,33,39,26
13.7,10.62,24.64,38.73,14,21,19
22.16,11.53,25.6,50.73,32,20,21
38.89,36.67,31.78,38.95,40,33,34
35.5,33.02,24.34,18.9,24,33,17
12.98,15.59,23.95,38.05,38,48,54
16.13,27.19,22.9,39.62,21,36,17
3.15,22.22,-4.8,12.14,56,43,50
17.91,5.26,25.48,40.62,40,39,27
53.04,41.89,32.3,26.8,48,71,43
47.52,39.89,44.79,50.81,44,28,40
14.88,19.73,15.26,22.5,52,48,41
23.12,20.24,26.57,47.35,107,104,94
20.24,23.65,27.34,39.3,24,25,22
42.99,47.74,42.3,26.97,25,49,22
8.47,20.73,9.8,34.67,47,18,31
18.38,13.43,22.32,40.24,46,35,47
58.65,69.13,43.42,33.29,44,25,29
56.88,50.39,51.7,53.75,32,28,20
58.7,58.08,28.48,20.96,36,25,13
59.61,37.69,27.45,30.63,87,81,40
33.11,21.1,23.37,33.81,22,37,18
21.39,20.07,37.73,64.34,53,38,49
35.58,37.66,33.38,32.93,43,52,52
59.3,67.08,37.84,24.88,25,32,30
41.34,43.65,44.64,42.66,23,26,22
63.62,58.26,47.57,39.86,45,47,28
17.68,19.86,12.87,31.13,36,43,58
79.9,54.86,53.97,46.28,36,34,30
46.52,39.78,57.94,89.49,48,45,47
67.79,53.77,26.1,28.23,82,69,49
44.8,53.45,32.8,23.71,43,48,38
73.34,48.87,23.44,46.74,58,41,41
15.03,13.7,27.82,40.4,49,40,46
30.09,28.08,32.74,22.02,36,28,36
34.84,31.16,38.07,34.11,38,52,61
50.58,44.04,22.75,25.49,56,39,54
35.54,36.11,52.42,50.39,42,41,47
30.92,22.38,29.43,39.93,64,80,43
78.97,54.33,52.7,53.08,51,39,36
43.14,48.11,42.33,33.09,41,24,45
38.22,15.82,48.89,55.77,30,6,42
73.7,70.66,49.34,47.75,34,33,23
78,62.21,35.33,30.7,26,58,39
27.92,41.19,24.22,26.83,83,75,43
43.89,41.74,40,46.89,24,27,40
44.99,40.94,48.77,50.58,36,39,23
52.94,47.9,33.27,30.17,42,39,50
49.6,51.02,47.88,49.43,63,40,48
44.11,45.06,45.96,42.51,42,36,38
92.23,68.6,63.79,57.88,49,31,49
22.84,24.4,-4.79,-0.12,35,18,44
54.44,54.4,53.78,40.13,55,59,36
47.01,52.23,40.41,45.82,34,27,45
59.22,55.45,30.97,24.15,46,48,41
55.92,49.76,36.02,29.55,73,35,52
7.94,21.71,21.49,29.02,41,35,44
70.02,66.78,36.05,29.49,38,47,16
33.44,-0.64,28.21,54.55,33,30,41
43.1,44.62,39.83,38.87,53,51,49
47.31,41.88,34.96,38.67,71,85,77
32.37,27.83,36.4,44.46,83,68,29
32.16,35.11,32.35,26.54,37,34,41
11.93,20.22,16.52,21.16,47,39,23
46.89,45.08,45.07,44.75,36,18,30
37.4,38.33,41.22,33.33,43,49,53
7.17,14.72,19.94,41.03,52,43,35
51.4,49.08,38.95,45.48,34,71,37
35.12,45.78,32.27,20.88,20,21,22
21.61,21.31,14.07,22.83,56,32,46
42.43,46.7,41.92,43.68,46,17,48
53.05,49.28,44.59,48.53,70,64,58
11,-3.37,9.61,35.82,53,46,35
7.26,4.73,30.76,43.85,77,77,42
54.81,53.02,54.12,44.29,41,50,15
34.9,23.67,29,32.56,29,21,35
25.91,21.31,28.36,33.8,50,24,50
37.97,52.29,35.81,25.47,37,38,26
24.61,30.8,25.42,24.59,63,69,46
18.31,20.09,25.44,29.03,44,36,48
49.88,41.38,33.39,34.12,40,36,44
24.53,25.83,15.7,20.95,37,41,35
56.88,53.18,41.57,46.13,32,48,33
8.43,13.29,15.66,30.44,59,37,31
18.26,8.59,19.63,40.66,46,26,48
48.92,43.38,24.42,28.51,35,52,45
16.12,20.31,10.02,12.98,38,28,40
34.3,44.06,40.09,42.22,35,54,43
41.04,45.71,38.64,32.98,30,27,31
45.18,41.55,35.82,31.6,40,22,44
43.69,51.81,38.24,25.76,22,50,30
44.79,33.57,17.57,31.88,21,33,19
55.69,50.04,42.17,48.43,41,35,33
59.31,36.73,30.02,35.32,33,21,50
52.63,52.38,43.75,45.14,42,28,40
68.31,56.56,37.25,44.7,46,46,42
9.03,11.39,20.38,36.59,20,104,35
17.84,14.36,2.02,30.32,38,31,41
48.7,55.26,31.42,32.69,71,82,35
55.26,57.42,38.57,28.84,9,40,54
51.87,51.53,53.57,56.73,40,38,43
55.2,54.59,49.21,47.89,36,38,39
80.07,69.57,49.79,29.86,71,50,33
49.73,48.98,36.36,36.39,14,24,30
17.53,21.52,27.15,40.3,21,24,17
44.99,46.8,40.5,30.09,56,57,60
72.68,46.13,57.78,81.39,37,32,25
39.09,39.91,36.56,25.22,53,38,50
35.05,28.42,24.38,28.59,67,58,50
41.79,54.22,41.87,39.73,50,50,59
-4.61,-1.27,25.94,51.81,81,75,63
95.84,60.52,47.25,46.07,57,71,41
34.64,38.6,36.9,43.09,55,41,47
23.81,33.28,18.63,32.19,39,36,46
74.04,27.41,40.88,33.75,28,22,22
46.63,40.1,49.43,51.35,28,27,30
109.97,65.88,71.42,70.13,38,22,28
19.8,25.3,29.36,50.42,52,69,40
49.36,52.36,43.37,42.69,38,18,39
44.53,36.56,35.87,28.67,42,47,50
61.88,46.58,33.27,40.78,41,79,25
49.77,56.95,41.07,21.53,48,40,69
50.93,55.23,58.02,48.43,49,29,34
16.5,17.95,15.82,28.7,49,47,50
80.04,67.82,49.28,47.94,30,49,52
21.64,18.94,26.22,36.3,41,39,46
47.95,50.1,38,33.18,30,48,12
21.93,24.93,28.43,41.5,25,17,25
46.22,43.38,44.88,52.06,45,46,48
17.23,34.09,10.12,35.49,18,29,35
14.85,17.62,19.3,32.54,40,90,42
47.12,40.28,26.82,38.24,44,52,41
56.54,57.08,50.13,51.67,44,35,44
24.51,17.21,26.06,33.83,99,103,90
45.66,45.15,40.66,39.15,41,40,44
20.9,27.79,18.37,28.47,24,46,14
12.97,26.37,18.23,48.15,35,32,39
44.9,48.13,43.78,39.13,21,38,12
16.39,16.91,16.34,29.16,38,33,32
23.97,23.17,28.32,54.56,60,44,41
15.52,25.76,4.33,23.73,45,27,50
38.09,42.5,25.51,20.62,30,21,24
37.91,46.17,40.77,27.36,74,54,30
45.92,35.4,18.21,33.45,40,29,36
59.02,48.21,36.74,44.59,27,30,24
28.94,12.35,30.19,32.15,39,28,32
47.31,45.78,31.8,32.46,22,48,48
55.3,47.05,39.98,34.4,35,40,23
63.28,57.76,48.11,36.77,38,32,40
28.67,29.59,33.02,42.93,46,34,53
56.01,64.78,40.04,30.74,29,23,22
20.65,36.04,19.24,26,26,8,40
56.75,36.3,31.03,37.62,40,31,36
48.51,49.29,35.92,36.18,48,55,52
48.64,45.25,50.71,48.69,58,45,50
7.99,15.81,8.85,29,76,85,39
43.02,47.37,17.09,16.93,79,73,42
24.35,19.39,21.51,29.68,54,38,23
40.53,42.49,38.76,38.25,76,65,18
53.5,47.24,26.22,37.71,47,44,33
10.34,16.7,21.67,43.68,32,27,23
50.78,46.42,31.8,35.03,26,51,26
26.21,25.17,41.05,46.41,33,31,39
22.07,32.49,21.44,21.75,42,36,50
8.16,11.44,24.86,29.72,42,41,36
43.28,47.86,29.87,31.85,41,28,36
34.57,22.78,32.87,46.01,27,30,20
13.38,13.8,22.93,28,41,36,39
84.2,49.11,48.7,53.05,40,28,41
8.82,47.07,7.13,20.39,39,37,30
42.92,45.37,41.37,35.65,40,43,41
37.23,51.98,28.65,21.57,26,49,23
46.09,60.5,42.04,40.73,27,33,17
43.09,38.6,27,28.93,27,33,17
54.02,51.68,30.94,15.76,45,45,50
29.46,17.5,12.88,37.09,37,69,37
16.5,31.54,17.54,33.29,37,20,29
51,51.72,47.22,48.58,23,55,29
23.16,30.9,25.48,47.1,55,38,37
20.9,31.64,12.66,23.16,80,69,46
37.28,35.76,30.03,24.38,85,86,64
55.16,63.13,50.56,34.03,30,18,22
10.36,5.83,15.69,43.03,27,36,24
32.93,32.04,15.07,44.68,74,71,53
15.33,10.31,14.13,26.22,53,32,33
15.4,23.76,15.76,27.24,61,47,45
59.07,52.04,27.12,23.91,56,48,35
22.49,21.62,16.4,30.59,28,26,34
33.81,39.25,22.54,15.98,43,54,30
53.25,51.67,49.48,53.51,29,13,35
4.19,27.74,3.89,37.86,38,45,41
24.62,14.7,29.55,50.31,45,43,46
9.16,27.35,7.77,33.17,20,36,28
26.17,32.41,12.05,15.66,46,87,50
36.23,41.02,17.38,17.2,47,45,42
50.3,51.01,41.82,49.43,49,33,57
59.07,34.88,33.2,33.24,112,113,81
11.1,31.38,10.69,35.84,35,32,36
3.4,10.91,5.88,18.76,46,38,44
19.81,23.36,19.31,56.29,46,38,45
53.11,49.9,33.8,32.71,29,18,28
62.17,63.53,55.65,50.62,18,45,32
41.3,33.53,12.32,17.71,10,44,34
14.15,23.02,15.92,20.34,23,26,19
49.83,46.27,32.63,27.93,23,23,33
14.3,5,16.44,35,79,80,71
38.73,32.04,33.85,36.39,15,27,19
106.61,52.11,78.83,80.87,33,32,48
11.87,13.39,31.11,51.35,40,41,38
37.29,42.8,42.68,48.23,11,34,12
35.5,32.21,59.2,50.86,15,70,16
49.35,46.2,43.61,51.99,27,22,20
62.75,42.91,47.58,73.15,38,46,45
65.24,38.87,30.63,29.29,24,33,33
22.14,40.89,14.66,32.6,61,57,35
20.07,13.4,40.05,51.72,68,67,56
47.64,49.54,46.87,51.87,19,19,55
33.95,44.32,32.75,31.17,43,25,25
7.31,5.99,25.05,37.49,18,17,25
22.18,23.96,22.04,50.51,26,19,27
53.11,49.42,42.42,50.26,46,45,46
68.04,58.06,31.46,21.9,37,48,39
49.91,40.31,23.99,31.33,45,41,36
44.75,48.33,26.26,32.72,49,49,31
21.8,21.03,25.47,42.15,28,29,18
55.06,58.94,36.33,35.87,24,35,29
25.88,16.93,36.47,61.18,55,84,32
63.15,48,36.92,45.43,34,27,32
7.33,-4.32,23.09,35.07,38,28,46
57.62,45.93,44.96,47.25,39,41,40
39.14,23.48,57.37,74.09,56,43,44
24.08,5.7,47.18,56.74,38,39,43
61.55,31.06,14.82,38.55,13,26,21
58.53,49.47,47.89,48.68,44,42,48
40.51,37.56,30.91,32.07,31,38,43
22.79,28.38,23.35,46.24,17,42,22
107.86,70.91,66.62,63.83,25,52,12
50.5,51.88,41.09,41.44,41,25,35
20.29,57.75,18.5,25.68,57,108,36
52.64,55.64,49.29,43.38,47,47,51
39.05,10.31,7.99,31.27,102,90,60
11.44,20.9,15.49,35.26,38,42,45
9.47,8.45,30.96,45.89,50,32,42
7.91,15.53,1.47,10.67,42,31,34
54.34,56.42,26.49,33.21,26,19,20
26.73,41.27,26.73,16.56,31,24,23
20.33,18.64,26.7,39.18,41,53,53
46.58,46,42.8,47.74,36,35,47
62.02,51.87,33.6,33.72,40,47,57
34.15,25.76,12.92,35.99,33,26,31
44.28,30.19,42.29,51.59,24,32,31
21.45,21.97,28.55,53.23,55,41,48
26.96,10.45,32.92,47.73,30,26,31
52.07,40.07,29.32,43.67,38,40,42
19.72,10.3,22.51,42.55,33,37,37
28.47,26.23,25.22,25.68,64,35,50
20.17,15.66,28.7,51.35,79,80,54
12.03,27.14,9.76,18.02,29,44,43
53.65,27.92,37.13,71.41,39,42,41
39.2,44.93,47.68,47.47,28,23,16
28.53,29.06,27.45,40.54,43,42,50
17.6,27.88,17.84,29.66,39,36,46
25.93,21.27,29,49.7,39,36,35
21.2,30.43,14.79,14.6,43,47,46
31.65,30.07,33.51,53.55,56,37,43
102.12,84.79,76.89,71.3,50,40,49
22.74,24.43,31.99,40.54,36,31,27
50.69,38.03,26.72,37.34,52,32,37
51.43,51.68,54.44,59.1,37,29,35
33.01,11.76,26.16,47.83,15,41,21
36.12,42.98,39.33,46.77,68,55,46
46.48,54.02,33.53,28.71,43,42,28
92.8,58.18,45.41,46.35,43,31,38
32.4,47.03,32.94,52.69,54,38,38
47.65,38.67,55.16,75.08,39,42,30
60.5,50.36,44.79,45.34,26,42,40
28.11,26.6,28.87,38.57,43,46,46
18.42,24.85,13.22,21.62,41,34,42
26.56,30.06,20.23,15.54,64,76,52
39.18,56.64,15.51,15.55,38,26,22
28.07,17.94,24.48,41.05,38,29,39
80.08,45.13,37.45,43.45,35,39,39
97.04,46.59,64.43,60.48,17,28,18
58.52,37.85,27.22,23.1,52,87,40
62.61,48.64,35.13,29.11,45,29,48
12.53,19.14,19.47,35.87,48,32,42
41.36,40.48,44.09,44.8,63,71,46
41.74,40.82,34.67,27.9,48,54,53
16.99,20.33,11.37,22.04,50,37,50
34.15,36.57,35.55,40.27,24,30,22
54.29,52.5,42.28,42.5,17,30,40
8.3,12.56,11.98,14.73,40,35,48
42.65,26.14,49.61,57.72,43,44,50
44.43,43.66,41.56,40.44,40,28,48
52.55,43.61,26.34,44.82,83,84,43
23.78,35.01,23.09,22.57,64,64,34
47.26,39.42,38.51,48.55,25,32,14
13.62,25.02,12.14,23.07,38,35,38
21.69,13.62,26.28,39.02,55,51,47
55.58,70.76,44.17,37.28,85,80,50
39.77,44.76,36.81,33.09,40,34,49
49.83,47.04,32.41,46.07,81,51,36
52.62,70.33,43.31,57.22,25,27,9
42.74,40.22,34.77,42.24,63,56,48
46.43,50.63,47.8,38.87,40,45,44
25.19,30.91,19.58,36.42,47,46,48
42.89,45.67,39.92,40.25,41,42,49
20.3,15.05,23.72,45.49,49,82,27
34.96,7.34,10.12,32.66,49,64,39
89.54,47.75,42.15,50.33,45,30,18
15.02,18.43,22.5,42.56,39,39,46
25.76,19.51,64.2,89.58,52,43,52
52.69,28.21,25.77,25.1,34,75,17
51.6,52.57,43.65,32.22,31,29,36
18.25,19.58,25.07,38.92,29,58,20
18.21,19.63,19.74,23.54,62,105,22
90.53,67.54,60.47,51.04,41,33,41
40.61,44.43,30.08,21.9,46,34,45
58.32,45.23,47.32,46.54,20,33,33
22.65,26.02,30.46,36.04,40,29,44
38,28.04,42.72,50.29,59,42,50
13.9,32.77,6.87,20.02,42,27,43
25.55,46.81,25.24,14.85,40,14,24
13.98,15.76,13.85,25.59,50,42,45
70.49,54.38,36.56,34.43,49,40,55
11.26,20.9,17.97,22.04,45,28,28
43.51,41.37,42.77,48.71,19,50,31
42.78,39.55,25.73,40.65,25,17,23
51.4,50.21,28.85,34.01,41,20,44
42.9,45.23,25.4,43.72,48,35,51
59.72,20.43,33.33,22.48,24,25,26
93.03,64.54,51.01,60.18,41,28,48
54.41,49.97,40.84,46.68,27,18,23
81.61,54.92,43.95,56.28,36,30,37
38.57,42.39,35.68,40.44,40,56,65
10.3,16.51,3.28,14.85,43,38,48
50.09,37.77,35.55,40.38,22,37,9
73.15,65.98,45.32,83.55,44,31,49
48.03,64.13,44.91,35.52,49,34,46
8.69,3.12,39.69,61.34,41,51,35
24.85,46.85,21.62,19,43,29,47
40.64,17.37,21.15,46.07,50,57,38
20.36,18.59,22.18,30.05,42,43,39
18.37,19.46,13.39,31.6,60,74,44
13.02,10.75,23.79,36.2,39,38,22
46.94,44.98,43.71,43.72,17,29,26
13.43,7.33,24.61,48.06,57,39,45
37.43,41.39,46.56,55.18,43,34,35
15.93,22.43,19.22,20.98,18,24,17
54.39,56.21,32.63,30.34,37,24,24
14.99,12.33,28.65,54.38,38,34,39
24.6,28,29.77,39.4,31,62,25
45.97,49.08,32.17,30.95,49,39,40
72.98,58.07,45.27,29.4,26,33,38
48.54,41.8,37.78,38.36,21,80,28
55.9,46.18,28.9,33.32,29,53,66
43.44,41.75,36.22,34.31,40,27,20
11.05,11.99,26.58,40.4,39,51,57
16.76,22.58,29.57,31.84,17,31,56
26.68,25.6,30.86,26.26,25,29,25
66.71,50,33.15,38.09,36,36,42
60.84,50.15,31.67,36.01,43,46,62
57.86,52.89,32.65,27.78,76,59,54
51.3,31.91,25.68,39.36,39,39,37
82.35,34.52,40.51,38.06,30,34,22
34.71,25.23,32.79,46.78,36,42,42
47.77,51.91,30.24,15.57,31,26,25
20.06,31.05,19.9,19.35,49,57,53
29.14,30.91,32.84,38.33,38,35,34
64.12,38.36,28.47,30.98,50,41,61
49.24,40.78,38.24,43.26,35,33,36
44.33,45.32,37.51,34.54,55,39,51
36.83,50.47,33.62,26.31,57,94,31
49.54,44.47,33.59,27.9,58,53,34
46.79,51.65,27.5,26.77,38,29,48
10.79,22.43,7.71,9.78,20,39,38
15.56,36.8,23.83,41.43,68,55,44
19.59,39.91,11.06,9.77,27,29,22
69.32,43.79,32.74,34.91,42,41,38
56.3,32.82,24.37,27.87,35,73,21
19.93,15.88,27.57,50.44,47,50,37
23.99,27.54,25.88,32.6,35,46,26
41.21,51.15,31.36,33.49,42,33,45
49.1,46.73,29.45,39.06,41,46,45
47.01,51.27,31.56,28.32,22,25,21
25.76,22.61,37.82,55.8,51,50,47
47.35,35.93,41.5,45.21,58,44,45
23.66,32.78,16.66,16.98,38,30,43
48.6,50.7,45.58,49.17,41,37,50
13.33,20.91,15.25,9.3,36,30,39
52.95,48.05,34.47,30.17,39,34,36
58.33,55.88,48.73,45.79,55,46,59
26.52,28.19,17.36,32.7,60,45,39
16.89,27.24,19.41,34.43,32,23,29
24.51,4.96,36.42,41.27,50,51,46
75.2,37.73,33.73,26.83,47,44,51
27.31,14.36,12.74,44.17,41,43,46
37.56,37,37.94,40.48,27,46,19
45.44,55.17,43.7,34.05,42,40,35
4.05,25.52,-5.19,10.42,42,47,52
44.87,53.16,47.4,53.56,63,76,49
17.31,10.86,32.5,62.96,65,91,76
57.27,42.53,36.9,35.39,31,17,26
42.41,41.23,25.34,29.67,16,48,42
39.42,52.5,33.38,27.11,49,48,49
20,24.46,20.58,25.74,41,37,45
46.92,41.97,23.4,54.87,24,31,51
13.99,15.14,29.47,34.3,43,33,47
11.27,20.85,23.38,27.98,50,46,47
21.74,28.62,22.36,31.37,27,39,32
50.08,46.24,38.21,45.08,39,38,42
73.79,41.03,40.49,29.91,68,47,59
2.32,7.62,15.18,24.61,41,55,32
17.81,18.27,16.4,26.74,18,31,25
20.99,28.09,22.6,18.91,38,28,43
18.86,7.83,28.53,52.39,66,80,29
55.39,51.27,37.65,30.95,44,40,48
-0.44,21.93,16.66,35.35,49,39,52
50.63,46.69,32,38.12,55,62,46
36.89,44.9,31.53,29.93,23,31,22
14.35,11.89,16.26,31.09,25,41,18
2.86,44.6,8.69,19.73,27,30,24
28.31,38.35,26.14,25.59,30,24,29
10.39,13.74,23.5,29.9,13,55,40
20.77,43.37,4.47,32.97,41,30,35
53,43.42,37.92,31.72,16,20,19
44.84,42.47,29.72,29.15,40,12,38
42.23,52.26,36.27,29.39,49,44,50
44.3,42.15,38.64,40.79,26,46,38
23.39,5.63,27.53,45.38,37,30,44
10.43,12.33,16.08,11.11,42,65,53
43.99,46.13,28.51,26.7,89,74,63
60.07,58.47,38.28,43.88,47,46,48
9.62,11.33,18.17,20.77,24,36,29
22.45,34.6,23.17,17.72,45,44,58
26.03,27.74,27.14,22.23,55,49,39
19.88,21.99,18.83,28.25,41,28,41
49.9,56.86,40.44,29.75,21,49,5
14.7,33.8,7.29,40.28,52,37,44
27.6,18.27,6.97,24.87,43,36,34
54.14,52.39,41.64,32.17,36,14,30
43.39,35.91,29.73,38.14,33,21,20
64.39,61.69,32.44,26.98,38,34,45
26.34,14.48,27.42,53.41,31,36,32
39.11,45.1,34.12,25.85,32,41,46
36.96,24.62,35.57,45.35,29,21,37
15.96,18.78,13.98,23.69,39,22,28
86.46,48.42,40.94,45.25,38,37,38
3.78,15.92,12.1,22.79,45,40,43
51.68,61.11,45.97,39.78,35,37,24
46.78,43.39,37.46,34.97,21,39,7
22.79,21.8,24.98,25.68,46,48,39
74.38,46.99,38.88,53.36,24,38,22
49.87,46.91,45.15,43.09,36,32,38
52.52,47.43,37.54,36.89,38,27,35
19.83,24.62,21.65,27.74,29,39,29
20.32,17.53,29.32,57.11,51,21,44
74.76,30.29,32.8,24.05,25,25,18
21.66,22.09,19.6,34.49,24,17,20
53.53,55.68,45.36,50.38,66,49,69
12.85,14.35,16.47,34.04,47,41,47
27.25,19,21.81,47.3,42,21,45
38.58,39.4,20.1,27.25,59,47,46
16.94,22.56,29.36,48.79,40,41,40
42.84,47,8.84,3.29,62,46,43
92.67,46.78,46.99,63.79,18,38,41
54.2,57.92,56.47,41.15,54,45,24
46.57,50.53,38.72,36.29,21,18,28
15.8,16.33,20.22,35.01,18,63,39
46.41,44.19,30.72,31,41,27,27
27.62,15.95,32.05,52.19,16,44,17
17.66,16.38,10.9,18.98,29,77,21
43.01,47.94,34.87,37.3,51,18,47
27.86,35.3,18.2,13.09,31,24,20
30.3,32.24,19.41,41.15,39,14,52
15.88,20.7,22.78,39.05,25,60,21
62.5,31.38,26.52,28.19,47,40,49
45.78,47,39.35,41.93,40,26,46
25.85,45.01,24.47,14.17,32,33,20
53.26,62.67,38.51,33.26,38,35,44
6.46,11.7,16.29,32.39,65,62,49
59.69,61.9,45.19,30.77,29,52,26
23.55,28.64,50.74,66.92,33,23,31
39.01,33.44,14.83,27.38,37,45,52
21.58,19.47,28.06,46.04,34,22,32
9.08,18.76,20.47,39.09,17,83,44
80.5,59.4,47.32,52.34,43,48,44
41.87,41.37,40.88,42.42,65,91,37
36.63,25.95,19.8,36.82,46,24,45
60.77,53.51,41.48,35.65,32,22,17
5.85,19.37,19.08,31.5,36,17,23
48.49,50.64,40.71,35.95,36,34,37
59.33,49.29,31.93,29.78,66,68,61
118.75,58.19,87.71,89.39,64,60,36
52.39,49.68,34.39,33.21,27,23,31
33.44,32.99,40.81,38.64,44,133,35
57.45,30.42,32.95,33.21,45,36,50
57.84,54.14,66.92,75.9,32,17,29
8.57,15.64,12.75,10.22,21,35,37
35.16,34.86,42.25,57.6,40,39,46
79.42,29.06,29.16,43.74,44,42,47
46.83,48.49,43.79,31.16,25,19,30
35.99,18.73,30.27,52.65,15,47,37
41.46,45.87,41.45,31.11,53,39,52
35.05,40.78,33.08,27.23,44,28,43
40.48,51.54,45.64,40.77,26,21,15
41.16,36.61,31.82,31.02,38,30,39
85.47,70.8,55.85,36.26,50,36,32
14.56,14.16,20.12,20.63,32,25,27
5.6,12.85,10.79,20.38,31,16,38
90.37,41.04,41.67,50.74,48,40,45
57.41,73.92,41.02,31.26,36,18,33
2.75,10.54,13.87,22.7,66,49,55
10,17.37,11.08,22.52,32,26,40
79.39,40.54,39.04,31.18,26,19,41
23.02,7.93,26.85,32.18,33,56,34
17.2,27.28,10.38,26.17,46,40,41
74.2,37.84,29.55,29.24,45,37,50
20.87,23.3,29.04,38.55,14,23,24
51.28,62.71,45.94,46,39,34,23
12.56,20.83,22.11,38.3,30,31,27
27.74,24.72,21.95,41.79,47,106,19
67.04,57.34,42.77,46.32,67,84,59
17.17,20.79,20.62,29.54,51,35,23
34.52,44.69,37.03,30.38,48,31,47
21.83,26.77,19.19,22.67,50,23,29
50.27,51.27,48.47,43.8,49,43,53
27.56,25.46,28.7,42,27,26,22
8.79,21.02,20.31,27.92,72,76,26
17.34,28.7,21.47,29.28,23,22,20
26.7,31.3,27.52,35.71,40,32,37
24.29,26.98,24.59,26.54,40,32,37
21.67,28.67,24.61,41.9,48,46,51
35.99,42.84,40.15,30.31,42,36,21
42.76,44.51,47.42,41.13,48,41,54
26.9,22.22,32.59,60.09,4,33,42
55.63,55.02,30.38,23.42,24,60,55
32.8,14.99,29.53,43.3,52,33,42
52.29,52.53,48.36,49.22,16,27,18
39.62,47.04,47.18,37.61,20,53,31
18.41,7.51,24.26,39.72,20,55,20
28.35,25.72,23.33,49.74,53,156,40
39.76,30.8,28.23,33.69,29,17,23
41.5,42.72,41.53,27.58,33,66,30
23.11,36.91,21.41,21.16,26,20,37
36.04,28.08,39.98,47.14,44,46,45
54.26,51.65,35.51,35.32,45,37,29
20.61,18.23,42.8,65.8,49,43,45
13.89,18.11,13.08,19.55,23,25,24
16.05,27.7,9.08,19.07,17,73,57
43.97,39.62,35.83,55.76,51,55,34
40.19,36.14,27.54,42.62,24,18,22
57.7,56.21,37.85,36.82,25,33,51
12.98,16.83,22.71,45.57,73,69,42
39.75,61.79,31.15,24.94,40,39,40
52.5,46.19,23.24,35.49,36,24,23
8.95,11.96,13.52,40.45,26,24,40
40.6,51.33,55.83,57.46,45,39,43
14.3,20.21,20.21,32.42,40,67,41
41.75,49.71,32.98,13.72,43,42,44
61.92,53.89,45.46,38.3,17,52,37
46.45,41.88,50.15,51.59,40,40,38
13.47,47.41,9.2,39.23,39,32,41
41.56,44.34,36.84,24.15,58,46,42
34.49,46.76,33.39,41.67,44,32,45
45.12,56.74,24.69,24.42,27,15,24
18.84,26.41,11.95,21.79,39,33,43
47.91,46.15,14.28,15.2,35,30,37
75.27,59.49,36.32,29.42,22,21,17
63.72,40.9,34.21,68.28,32,27,41
7.18,10.14,17.66,37.23,49,76,53
12.54,21.92,14.2,17.6,22,47,20
41.67,37.3,36.49,38.22,41,46,40
31.77,22.95,23.21,37.07,74,63,15
51.17,41.68,34.58,29.78,21,60,55
68.72,60.88,38.61,39.21,29,38,40
50.5,50.54,39.78,34.16,44,19,48
46.65,46.25,48.15,43,49,44,40
59.53,57.43,38.9,31.47,46,44,37
41.89,35.04,36.26,42.86,38,26,35
38.19,29.99,25.04,41.09,24,44,21
17.46,19.11,22.66,41.05,49,37,45
28.8,33.61,37.49,54.75,47,39,38
57.69,43.51,35.85,41.57,36,37,39
87.18,75.6,44.03,30.94,56,59,34
44.99,38.64,47.17,45.33,53,52,47
52.26,58.23,40.2,30.15,59,54,57
74.39,50.7,31.44,18.68,44,46,45
23.54,9.21,30.33,35.88,55,35,59
50.34,51.39,41.32,49.26,29,15,26
51.05,41,39.39,65.75,48,41,46
39.94,43.37,42.81,44.38,44,35,49
29.49,17.89,49.23,54.63,43,35,38
46.1,44.8,48.66,42.24,26,63,63
28.37,9.87,42.19,61.06,64,57,25
55.52,57.76,36.24,27.68,31,49,31
81.98,66.07,48.79,34.43,19,50,29
36.54,42.98,35.9,42.67,25,55,24
49.63,49.63,33.33,38.16,41,35,34
22.04,22.28,24.97,43.34,35,25,26
54.01,52.06,46.01,49.87,84,81,83
45.63,48.19,43.59,45.9,56,42,31
61.33,39.68,42.27,36.91,28,49,16
25.61,21.08,33.2,58.08,31,22,31
30.97,24.13,50.2,73.86,47,22,33
24.28,25.01,22.5,35.92,25,24,23
9.87,19.06,22.25,31.23,27,37,22
48.81,24.45,28.29,28.28,71,81,42
13.25,22.29,24.45,23.27,24,16,23
41.45,52.09,28.95,14.68,29,23,21
22.67,25.16,16.76,44.43,34,42,31
57.88,51.62,46.37,51.68,37,43,38
45.01,40.07,36.69,26.52,27,25,15
15.54,19.85,28.44,37.68,32,30,47
17.93,54.6,32.5,42.47,33,18,34
18.47,11.39,19.17,39.61,36,32,42
56.28,56.56,35.4,28.27,80,56,68
24.63,31.77,20.55,18.34,43,38,45
17.95,12.38,16.14,26.38,41,20,43
95.3,72.01,74.55,91.57,28,24,19
54.69,48.91,41.41,36.85,18,19,25
53.66,41.6,28.77,18.52,26,15,28
90.56,38.68,58.61,45.17,19,32,33
45.52,45.31,39.63,35.81,48,45,57
41.39,43.27,37.55,52.54,56,47,38
31.92,39.09,23.27,20.2,49,35,46
43.02,42.91,39.66,46.3,51,38,29
42.21,46.44,31.06,22.86,43,29,40
62.89,43.33,32.5,41.42,54,46,40
4.31,5.14,28.57,37.73,46,38,36
28.98,35.68,23.83,18.1,43,33,41
10.55,15.24,30.86,52.14,38,24,20
1.76,8.73,20.82,40.16,40,43,40
7.47,-0.36,35.51,58.9,46,46,50
29.53,15,23.98,42.09,57,35,29
44.59,45.65,44.09,46.09,43,30,22
8.01,13.76,21.43,35.19,47,31,22
44.45,45.56,39.89,29.63,92,90,86
19.44,15,34,53.93,24,21,15
27.35,25.86,32.9,46.85,24,44,42
14.75,10.66,7.6,19.63,26,33,28
46.35,53.67,39.71,23.51,31,39,19
101.47,65.84,71.11,68.19,55,49,43
83.19,55.53,30.84,28.1,22,28,28
22.93,19.84,16.89,36.14,37,40,43
28.58,35.47,7.63,16.52,30,99,8
42.15,41.85,41.18,32.59,30,20,20
51.16,54.52,48.56,46.94,45,40,43
27.38,31.34,40.99,47.97,32,37,37
7.39,1.78,17.41,29.7,29,17,29
57.3,42.25,32.99,37.4,21,24,42
75.58,30.91,36.03,38.36,29,24,28
32.01,16.37,55.08,69.48,21,48,21
52.08,50.23,29.92,25.05,31,20,25
65.73,43.16,40.27,44.54,44,33,48
24.28,37.2,17.68,19.72,43,96,53
12.11,14.81,12.62,19.79,39,27,45
43.89,57.82,31.92,31.91,42,38,35
39.62,38.76,41.21,46.63,58,43,41
17.82,23.93,20.42,28.03,37,42,40
74.06,51.16,20.58,36.45,24,36,25
86.22,46.35,41.81,34.38,15,48,46
3.27,0.85,36.89,58.25,41,30,37
64.63,60.26,41.29,28.23,39,20,47
49.53,51.32,40.67,45.4,17,30,22
11.95,22.04,9.37,13.22,69,68,50
34.66,25.83,15.51,26.09,19,38,34
38.89,44.08,41.12,49.88,43,40,41
38.53,30.88,41.96,55.08,26,49,16
13.84,31.44,13.61,34,17,57,25
44.8,55.09,43.76,34.67,22,44,30
39.64,53.66,41.3,33.85,55,49,37
54.37,46.01,30.99,39.84,42,54,65
9.06,13.79,30.12,47.61,24,20,33
23.25,32.35,24.61,24.79,47,37,43
16.11,23.43,19.59,29.91,26,93,35
112.08,67.42,76.9,76.19,42,41,39
19.77,20.96,22.38,40.81,52,49,16
38.88,46.77,42.43,35.87,55,49,29
24.01,31.7,44.56,47.65,48,39,52
40.33,45.29,39.69,31.7,22,11,32
89.56,31.64,35.02,26.16,56,38,60
58.43,53.77,41.12,32.77,20,23,17
47.86,48.66,46.44,44.11,22,47,31
23.57,6.1,15.86,51.76,65,52,35
46.95,44.19,35.59,43.5,34,17,24
61.7,33.38,21.94,31.88,33,21,36
15.95,13.98,15.17,30.39,25,31,26
20.65,-4.11,13.67,36.93,43,43,41
55.08,53.31,28.29,31.39,44,36,50
47.28,45.63,39.83,42.63,40,31,45
20.38,24.73,37.72,36.6,23,16,24
52.71,49.47,38.45,34.01,88,87,71
43.41,40.99,26.87,27.72,39,38,27
43.07,48.47,36.58,30.81,44,35,44
35.73,22.53,26.38,42.7,31,25,25
52.56,55.03,36.76,32.94,40,26,29
64.02,56.9,26.38,22.08,60,118,18
50.91,44.85,43.65,47.98,47,37,45
38.8,42.84,30,29.24,35,32,39
38.41,43.77,43.01,51.6,48,38,40
64.43,28.88,34.14,29.51,58,116,58
12.23,10.69,15.66,38.42,25,37,39
68.92,62.79,57.24,49.45,23,21,18
41.18,55.32,41.41,54.84,38,26,46
18.06,22.4,32.8,44.74,36,28,18
16.86,26.91,21.11,31.16,41,37,36
40.65,48.48,41.27,32.04,24,43,20
70.2,65.54,51.8,33.54,45,49,55
10.98,15.24,6.79,38.94,43,39,44
25.87,27.64,29.45,36.93,31,35,24
45.58,46.91,39.15,32.84,48,28,46
34.51,39.14,27.63,40.51,24,18,20
87.85,64.8,57.76,50.18,45,36,41
49.24,10.87,26.77,33.57,42,38,40
24.43,14.94,26.35,41.62,41,43,52
30.12,27.44,26.45,58.56,43,36,52
54.68,57.78,43.47,33.12,53,38,44
43.08,41.45,33.33,43.72,38,37,37
42.98,44.58,40.43,43.89,50,52,48
17.42,26.34,16.45,33.28,17,44,25
85.15,34.56,36.02,39.37,53,83,40
42.35,46.13,34.86,41.07,33,25,36
83.78,63,35.3,28.29,39,39,31
41.34,48.81,31.72,31.32,42,37,41
36.04,22.96,47.32,60.39,35,21,31
42.44,49.09,39.68,58.41,28,44,51
25.55,23.2,26.09,38.2,30,16,20
20.04,16.03,19.4,45.2,59,116,76
89.57,47.54,40.26,31.85,43,23,37
54.46,57.14,36.11,24.64,58,45,50
41.52,44.64,38.52,40.5,41,30,48
60.49,62.37,43.59,32.16,47,38,43
45.77,49.02,43.49,48.19,43,36,44
51.36,44.62,18.06,22.36,37,48,44
60.57,59.08,43.28,35.91,35,33,31
22.67,34.84,18.8,19.27,27,39,44
27.06,30.84,28.25,38.06,27,52,30
68,49.49,23.78,17.76,46,41,48
27.41,24,15.3,38.32,42,49,45
29.3,27.8,51.22,53.39,22,18,24
32.95,24.42,29.04,36.27,37,46,44
33.12,25.7,21.88,29.07,27,23,34
47.08,50.89,46.95,52.9,37,29,43
50.46,48.58,45.65,48.29,43,29,47
40.38,40.62,41.78,50.4,48,55,25
97.34,28.04,25.99,41.36,27,16,25
21.03,24.55,25.52,38.38,73,63,84
46.49,46.66,42.83,45.49,45,38,36
69.39,37.46,32.04,34.47,76,76,34
48.33,47.52,51.08,48.23,26,21,24
31.11,61.82,11.7,15.73,33,25,32
48.91,43.61,36.33,35.56,33,85,55
8.16,1.97,14.25,37.44,48,36,48
19.34,20.93,23.23,27.16,42,38,46
9.4,12,26.34,47.34,45,47,53
59.37,64.47,51.25,47.59,31,26,22
25.77,24.34,22.59,34.83,47,39,43
10.95,16.49,19.9,41.16,22,22,25
1.8,1.38,11.9,32.49,20,42,45
37.35,43.98,36.78,27.42,38,36,27
52.17,50.27,47.86,43.28,23,19,18
36.13,25.89,27.17,27.72,38,29,43
44.59,45.53,45.52,51.98,37,83,25
53.57,55.11,36.21,28.05,52,48,52
19.87,19.36,17.98,24.61,26,35,41
23.5,21.23,54.38,74.41,37,37,25
51.46,54.35,38.93,28.09,28,30,38
53.51,53.9,48.82,48.63,39,15,44
12.02,21.08,11.38,23.51,30,63,18
39.56,55.23,35.34,13.76,41,38,44
64.17,54.02,45.02,29.28,67,49,49
9.86,17.75,19.98,26.4,45,40,36
39.4,36.53,55.68,76.85,36,27,31
33.15,40.68,30.22,19.4,30,19,31
78.09,63.61,49.29,28.75,37,42,37
21.82,23.92,21.79,31.09,82,99,68
54.96,60.69,54.07,46.33,40,26,44
41.9,35.57,25.13,40.25,39,35,43
11.62,18.28,19.08,21.08,39,43,46
45.97,45.01,56.33,50.93,50,48,44
5.02,3.46,39.74,61.95,81,77,61
23.47,32.33,20.04,7.56,32,44,39
43.13,40.52,24.64,27.56,38,25,42
72.65,49.8,45.72,48.44,15,58,24
45.64,44.03,39.26,42.83,30,19,39
39.14,22.18,18.23,58.37,44,31,32
6.97,10.18,18.78,11.72,29,25,25
16.07,24.49,12.69,18.71,46,32,37
60.49,62.58,48.75,35.1,48,38,40
40.54,43.79,3.33,11.03,19,45,21
55.93,20.04,30.53,39.71,22,23,47
28.36,12.76,27.21,47.7,51,51,52
52.54,51.49,48,48.09,36,23,38
41.6,40.44,32.37,29.94,88,73,64
39.03,42.28,41.03,46.94,39,40,27
49.05,44.49,52.8,55.63,42,23,40
60.11,28.7,36.64,34.69,49,47,51
16.94,21.57,22.75,38.82,21,41,25
14.8,20.33,21.29,28.52,37,52,22
36.26,51.04,23.8,30.5,86,87,69
69.12,57.19,42.46,45.87,23,15,20
38.33,41.84,45.06,47.57,46,26,39
57.95,44.59,21.73,56.4,65,46,51
108.5,55.08,70.72,73.41,31,22,25
3.53,8.94,13.72,23.94,28,39,23
37.38,41.44,37.7,37.54,44,40,41
77.39,41.76,35.91,43.08,31,33,32
12.06,12.91,16.26,34.67,64,49,59
37.41,42.93,38.5,49.74,60,52,34
15.71,14.65,14.4,37.25,34,21,23
17.35,24.7,20.69,21.39,55,70,47
47.16,43.03,41.76,49.05,65,65,46
24.95,22.66,19.29,28.72,41,26,38
18.03,22.47,23.23,36.43,44,33,48
112.53,66.5,74.87,76.82,47,30,40
47.66,45.94,29.12,30.12,40,29,45
52.14,51.5,51.19,48.3,60,37,32
45.51,44.95,52.14,43.64,48,32,52
52.77,54.68,52.64,45.69,37,38,32
38.52,58.34,37.35,49.41,18,21,18
45.93,49.52,47.53,40.24,30,18,18
68.08,51.74,33,32.15,92,92,54
77.55,41.6,34.25,30.75,21,34,8
37.79,20.45,46.94,64.19,32,29,28
22.76,30.26,30.89,44.06,29,35,22
19.71,33.97,16.42,22.76,35,37,25
43.19,51.43,41.78,26.43,60,56,30
15.1,2.48,35.41,53.9,41,47,27
19.87,14.06,20.52,38.04,27,21,32
47.31,41.88,34.96,38.67,29,17,27
22.94,25.6,27.51,42.91,41,41,51
36.91,48.15,32.64,7.13,48,46,45
20.67,34.8,15.17,14.27,24,13,9
42.8,42.12,18.66,48.75,28,37,46
57.23,52.79,37.78,30,27,17,29
30.29,27.87,38.62,39.75,36,33,41
49.65,42.97,37.48,48.86,12,49,62
21.98,28.92,5.03,45.03,40,39,44
55.72,54.75,41.07,42.05,38,23,32
16.56,30.35,16.52,29.83,37,34,38
53.3,50.27,51.4,41.3,67,54,44
70.9,25.96,36.04,35.7,21,18,77
52.95,48.13,49.45,51.6,51,74,26
16.43,28.4,18.49,23.14,48,43,43
23.89,25.23,27.06,37.72,23,56,42
72.71,43.67,30.08,53.64,42,36,40
36.57,37.59,45.98,44.6,47,37,46
15.99,20.17,24.85,40.24,44,30,38
44.64,47.04,50.55,37.77,59,45,48
78.49,58.84,29.99,28.21,42,35,44
68.55,56.74,55.52,55.04,24,27,23
24.27,21.88,30.26,45.8,30,41,39
35.87,28.69,29.32,36.83,45,22,44
25.54,17.58,32.86,53.12,44,34,32
39.52,44.13,41.05,27.14,30,34,51
17.07,17.66,24.1,39.39,41,94,42
7.87,9.73,22.22,39,87,96,45
96.04,64.12,59.65,55.61,29,42,15
11.28,18.63,16.71,26.89,45,44,50
54.71,50.12,48.94,51.88,77,83,32
18.04,22.79,21.99,32.47,50,40,51
56.17,54.7,32.09,45.3,52,53,40
12.2,12.06,18.84,36.73,29,39,28
5.9,19.38,13.85,17.73,41,31,46
50.32,54.4,40.12,33.45,18,42,15
25.24,27.59,37.36,40.18,33,20,34
58.16,58.32,55.92,42.44,46,37,42
59.62,55.75,36.59,34.6,33,35,44
47.65,35.95,33.09,28.74,60,44,41
56.02,52.92,44.65,38.28,38,35,43
18.8,12.13,30.97,54.43,25,21,17
38.94,43.35,32.41,51.86,38,26,25
43.63,43.82,27.58,30.16,18,49,78
15.14,21.17,17.85,23.01,25,32,26
47.9,40.58,39.85,55.55,32,25,32
21.53,36.72,11.17,21.65,47,98,31
44.21,43.9,32.18,35.69,30,28,29
21.2,18.93,16.48,21.16,35,21,24
38.35,39.6,37.25,42.01,49,58,32
31.23,38.92,3.58,7.89,31,17,26
14.01,45.43,17.9,40.29,99,104,83
54.94,31.01,38.68,29.99,29,30,27
49.03,51.3,38.34,35.71,27,21,26
53.02,51.96,41.56,45.35,51,46,39
49.18,47.55,43.32,49.77,48,40,50
54.52,51.45,45.51,46.09,26,18,26
13.22,15.84,26.84,48.6,81,78,52
91.33,39.17,37.42,25.2,24,33,21
40.11,37.42,25.71,29.52,43,43,50
58.67,44.37,31.88,43.7,40,35,33
52.95,45.83,53.39,64.4,45,33,37
68.13,57.7,36.79,18.05,44,43,46
45.5,48.25,36.55,43.71,32,27,19
58.14,54.9,44.49,29.63,38,32,37
38.76,19.79,26.38,45.29,26,25,19
52.92,53.48,48.3,50.45,30,15,39
76.9,40.31,42.37,65.64,38,56,18
49.87,44.91,42.74,40.25,40,23,35
44.29,41.99,45.66,47.29,36,26,36
68.92,26.62,38.78,39.4,29,29,24
35.48,44.63,30.69,24.79,45,102,32
37.06,38.85,29.04,19.55,40,28,42
47.99,53.92,42.85,45.62,47,44,42
47.69,47.04,45.45,48.53,83,89,62
56.06,43.24,34.1,23.44,62,53,33
20.86,23.25,20.48,27.4,24,52,21
48.04,45.72,51.47,54.5,54,24,51
67.98,17.35,14.28,34.19,30,38,57
81.93,37.94,29.88,37.69,53,51,44
38.67,34.13,36.84,63.77,40,21,41
36,16.41,16.18,23.65,49,62,56
52.81,57.98,44.64,46.45,40,35,31
26.76,31.84,31.16,53.03,37,33,51
49.81,48.79,42.33,43.39,47,33,48
65.3,37.87,35.3,30.73,52,36,50
26.32,34.28,29.05,39.95,93,104,78
65.83,61.18,32.81,36.39,43,38,42
28.96,32.36,18.48,26.27,33,30,26
44.22,21.99,21.8,46.49,53,42,56
28.05,15.52,24.76,49.66,40,35,36
116.43,64.13,96.97,92.05,27,13,25
82.27,30.99,39.06,35.86,42,43,48
39.69,30.98,18.93,39.08,37,36,35
55.1,52.45,36.48,28.47,56,63,60
16.37,26.2,13.9,27.55,41,33,39
56.28,48.22,33.61,28.95,63,51,53
27.88,48.34,20.08,18.51,51,49,46
12.24,16.74,17.7,24.12,20,26,27
25.33,20.84,42.22,76.28,27,17,29
38.34,33.43,14.51,32.96,29,28,47
20.63,14.72,28.39,46.71,36,48,37
46.68,45.77,43.35,44.97,41,45,21
63.04,48.95,33.44,35.27,33,20,51
82.54,26.17,37.88,35.43,28,46,25
45.33,47.25,46.62,41.29,23,28,24
71.47,50.85,50.66,57.99,25,43,38
64.2,51.15,34.78,55.19,15,59,39
45.7,45.85,47.28,48.93,49,18,48
41.71,46.22,33.98,32.12,25,52,47
57.9,60.6,53.45,52.73,19,26,16
51.92,44.78,32.63,38.58,39,25,32
63.13,59.7,50.6,33.94,41,32,50
43.76,41.24,44.97,49.74,26,12,27
54.83,54.39,42.03,41.69,56,39,45
56.52,55.75,43.12,36.95,65,68,52
0.96,0.44,14.22,44.65,51,40,37
99.34,51.77,69.52,62.51,32,21,27
26.63,23.06,30.18,44.64,29,36,39
54.24,44.98,49.85,44.47,39,45,36
9.3,16.33,17.68,36.46,67,27,39
63.64,67.42,33.78,25.57,66,78,49
80.88,67.85,49.88,28.52,48,30,44
16.39,18.86,22.27,39.01,56,46,44
45.57,42.62,35.47,31.12,46,40,54
17.93,28.45,13.89,22.82,27,18,18
64.86,71.22,54.24,38.46,40,39,42
25.91,17.52,29.54,33.87,28,60,27
21.5,5.93,41.46,66.78,46,47,49
51.97,47.88,41.57,39.46,24,31,15
53.86,44.89,32.57,41.03,53,50,53
26.96,29.3,30.22,39.4,55,107,49
47.82,46.65,41.11,33.47,35,24,42
67.32,54.95,29.04,27.57,46,37,51
10.9,3.78,48.56,70.77,84,69,69
44.94,38,32.98,29.45,24,36,31
61.82,46.94,33.6,36.21,40,34,42
11.39,5.37,18.09,32.17,63,51,44
9,8.76,21.63,47.13,79,78,55
61.08,67.57,51.38,50.97,60,40,57
24.94,28.7,31.9,49.49,56,41,48
49.18,52.27,38.7,26.21,15,88,31
18.23,23.92,18.71,27.37,30,48,21
37.2,32.4,29.94,37.64,36,38,48
30.09,20.28,51.02,66.1,13,55,40
37.57,51.04,35.51,52.43,31,62,25
39.89,57.03,30.51,19.9,38,18,33
65.47,25.7,35.73,41.91,71,45,51
41.6,35.58,40.62,57.7,30,40,37
56.53,54.63,40.59,19.58,70,66,42
51.24,44.88,41.98,44.92,43,33,47
62.48,39.5,42,36.88,38,49,51
4.37,4.03,21.29,40.59,26,59,15
32.81,31.91,34.8,41.69,27,39,32
70.56,27.21,31.29,25.58,55,38,33
11.12,32.29,13.48,21.53,25,17,25
14.97,4.38,28.51,47.9,17,30,22
22.18,23.37,29.79,43.69,28,30,27
53.59,50.36,49.47,44.18,52,37,41
17.49,18.32,20.59,33.62,23,27,17
12.86,13.35,23.43,43.23,27,24,27
65,62.26,38.73,29.29,68,55,44
17.15,24.49,28.36,48.19,24,22,24
100.7,35.75,47.12,55.04,71,85,77
23.72,28.69,35.85,54.36,23,39,23
66.67,59.84,32.41,23.26,43,39,44
56.91,55.88,45.21,37.78,49,40,55
17.97,21.96,24.02,34.32,20,27,20
18.47,16.69,29.07,50.07,31,34,37
57.97,44,26.93,32.96,29,36,39
50.68,40.44,45.88,52.17,50,56,42
13.77,21.55,27.74,27.19,41,79,25
11.72,9.72,29.66,44.99,20,22,38
70.63,45.83,34.38,57.16,56,63,60
30.09,33.51,25.39,37.03,36,45,29
11.7,12.1,22.47,27.7,23,23,33
48.45,50.02,48.9,48.13,51,42,50
31.64,12.16,15.9,43.66,39,33,43
30.11,30.85,27.9,36.76,64,57,25
76.23,44.55,43.2,78.46,46,92,62
64.26,45.28,51.45,86.49,35,47,79
19.55,58.81,4.96,18.84,32,13,49
51.68,58,46.6,38.46,39,32,36
19.55,6.03,45.41,62.32,15,47,37
47.58,53.14,48.71,40.1,44,31,49
67.12,50.23,29.65,27.54,41,30,35
50.14,52.33,45.48,32.44,46,47,49
50.61,50.34,32.66,42.53,47,33,48
14.86,19.66,21.11,33.99,29,27,19
42.53,43.76,39.56,36.27,39,23,45
68.14,30.15,33.92,27.92,39,49,24
52.52,56.45,37.41,34.6,48,30,51
20.65,28.2,24.88,28.14,25,29,25
25.04,35.33,18.8,20.04,35,21,26
54.36,45.01,35.6,46.87,47,44,33
65.62,54.86,26.99,22.27,38,29,35
17.14,21.69,18.56,25.11,27,23,31
60.38,57.23,55.21,51.92,56,57,60
22.15,22.72,25.23,31.53,33,25,31
82.99,63.98,39.73,34.36,46,41,39
38.93,47.32,38.94,30.11,46,125,33
42.69,50.95,40.84,20.38,52,36,50
17.01,4.04,9.6,38.36,31,23,28
56.11,55.91,32.77,25.38,40,34,49
32.73,53.25,22.23,23.54,54,14,43
20.42,42.45,25.02,22.47,54,65,21
52.93,50.91,24.7,25.76,60,42,38
34.75,41.9,28.55,44.21,67,77,27
55.89,60.59,41.95,43.97,41,31,46
41.91,48.4,41.74,38.28,44,42,47
27.1,37.52,27.01,39.28,47,27,29
19.42,8.42,15.87,40.59,27,42,16
3.97,2.29,5.27,37.77,18,17,25
17.79,24.09,31.08,47.47,29,30,38
16.34,25.91,15.6,25.47,27,17,23
23.7,20.5,22.23,30.18,26,21,23
8.72,13.51,24.85,43.26,25,42,20
45.67,43.49,44.36,44.88,53,39,51
41.83,45.45,34.46,41.8,40,29,45
94.17,66.32,44.91,48.69,73,75,34
89.59,50.98,52.68,50.45,66,78,49
16.78,27.22,23.85,38.96,27,39,20
26.86,8.87,29.71,45.5,24,52,21
52.16,49.66,48.97,39.54,44,40,51
58.71,63.62,38.08,23.71,49,34,41
41.41,45.03,41.41,33.9,41,41,46
57.43,51.94,42.24,43.79,47,47,47
41.08,45.87,37.14,29.19,41,40,44
54.97,49.03,38.14,34.59,58,50,47
30.34,51.63,19.86,23.4,22,23,47
34.96,37.98,21.42,23.99,33,24,22
26.4,37.33,31.7,51.4,20,64,25
46.67,65.91,31.23,18.16,60,45,39
24.73,20.12,32.86,47.01,17,73,57
35.4,40.39,35.48,29.35,41,36,39
11.16,31.41,6.69,17.22,26,21,24
95.88,50.81,55.2,61.97,86,87,69
33.42,37.49,32.9,38.07,33,37,37
56.21,60.17,42.9,32.15,68,34,50
68.03,56.42,41.31,45.7,47,53,55
64.6,67.35,56.5,39.85,56,38,60
22.25,18.12,20.89,32.95,29,29,26
58.32,61.85,49.18,36.77,49,43,56
12.94,11.45,21.14,35.3,24,33,21
15.68,6.82,26.06,45.73,17,83,44
40.01,37.95,45.32,51.29,36,44,46
38.27,14.34,37.54,52.91,23,56,42
11.35,13.03,25.7,44.52,27,35,29
57.64,54.16,32.37,35.09,33,34,44
65.47,69.6,57.31,37.41,61,42,60
51.58,55.96,44.12,30.3,49,28,44
49.28,42.4,25.56,25.42,40,39,46
22.97,28.46,25.82,41.84,20,39,38
22.43,20.91,30.05,36.1,25,26,37
16.54,16.22,26.64,39.5,34,49,22
61.99,49.26,37.5,41.14,58,49,37
55.19,19.35,24.67,59.8,30,63,18
8.44,27.66,15.24,35.78,30,21,24
9.44,20.68,20.85,30.22,27,18,23
41.86,42.52,50.42,35.94,39,35,50
45.4,34.11,38.82,43.92,38,41,38
38.59,38.14,38.36,40.35,35,37,42
53.93,52.79,41.6,27.79,43,48,48
44.73,47.26,41.76,40.83,43,24,46
40.1,44.7,31.67,18.47,65,47,44
45.77,44.38,41.46,46.48,47,37,45
47.97,42.06,42.56,55.06,45,46,50
24.53,22.73,26.53,38.21,52,49,16
70.09,40.4,29.98,78.34,64,76,52
10.62,13.17,24.61,48.44,14,44,25
24.34,26.64,19.44,26.43,29,17,35
7.2,15.22,23.38,45.27,21,41,25
25.84,15.98,34.11,39.39,25,41,21
41.07,46.56,39.25,25.41,42,27,41
61.04,30.7,33.96,64.72,25,52,47
66.86,70.37,45.49,41.16,56,37,60
46.46,48,50.17,46.91,48,41,54
44.6,44.48,41.8,40.44,41,30,43
15.55,46.4,18.53,22.08,46,67,36
6.85,23.91,0.56,8.48,25,2,20
39,39.02,37.17,32.25,40,43,40
41.91,29.94,53.59,68.28,21,60,55
22.1,21.96,23.7,35.22,33,39,26
14.15,17.44,17.03,26.53,21,24,17
21.28,40.25,13.3,10.64,46,7,29
79.38,49.85,39.28,52.6,69,65,47
59.98,62.84,50.57,45.44,70,53,60
65.92,48.22,38.51,38.43,47,71,43
21.12,29.42,22.27,45.8,27,35,22
38.78,43.3,38.32,29.94,39,32,41
58.39,58.37,47.29,38.36,55,38,51
44.4,47.97,34.49,32.13,36,26,36
35.75,39.66,42.69,31.15,38,39,43
10.2,8.57,14.67,34.37,31,25,25
12.27,13.18,18.99,34.42,24,38,17
59.6,55.1,38.26,40.12,38,43,50
56.2,62.61,45.49,36.24,49,35,50
3.74,9.96,30.1,46.43,18,63,39
18.67,21.68,22.63,26.46,28,24,23
55.61,63.72,42.67,31.92,49,18,48
33.46,36.26,14.07,40.77,31,36,32
35.35,34.2,21.71,40.83,58,122,55
52.61,51.1,34.83,36.85,36,28,40
57.86,46.22,44.99,51.04,62,50,41
63.41,51.04,31.13,48.01,68,55,46
47.02,45.94,43.42,39.28,46,47,45
8.54,11.04,22.43,47.65,19,38,16
55.77,60.52,50.45,43.9,41,24,44
18.88,15.76,17.18,36.68,25,32,14
37.97,23.51,59.1,71.84,12,60,48
68,20.29,31.43,40.12,80,56,68
57.85,42.93,18.36,17.26,50,30,37
66.76,36.21,21.08,42.17,67,57,61
61.7,38.2,37.97,65.32,43,66,31
67.09,37.61,29.44,23.86,46,49,33
23.87,7.91,29.05,49.82,21,49,5
12,19.41,12.79,20.41,35,17,21
39.23,23.9,11,50.52,40,39,27
9.22,25.65,12.24,44.18,35,46,22
54.74,41.81,19.54,40.62,51,38,29
53.85,63.07,45.8,35.36,66,49,55
55.73,54.9,40.21,29.9,42,32,39
37.65,40.7,33.89,37.74,38,27,35
20.11,20.22,26.25,32.77,21,30,26
27.73,20.86,-1.97,11.14,28,21,31
61.86,52.44,33.62,34.23,57,50,37
26.3,34.5,23.19,28.21,29,24,28
56.53,58.97,45.15,37.23,39,87,34
47.73,42.12,36.76,60.61,52,87,40
22.48,40.02,29.39,42.42,32,68,34
46.27,48.58,28.12,34.87,48,41,39
13.7,10.74,16.18,26.89,21,36,18
44.14,32.54,40.63,30.58,49,45,43
22.58,21.48,20.57,34.51,29,64,22
52.37,39.57,32.64,42.48,34,38,41
43.59,47,47.15,24.68,40,26,44
63.37,30.33,8.2,17.83,51,46,38
35.78,31.32,24.2,32.87,38,36,42
12.81,9.05,43.14,63.07,17,36,47
6.97,23.7,5.61,13.19,26,7,16
14.71,14.45,35.76,51.88,21,35,37
61.55,34.62,35.49,27.33,40,50,34
62.79,41.69,38.55,41.55,49,45,47
55.17,41.68,36.68,43.02,44,36,40
50.72,48.38,46.91,40.24,45,46,48
54.31,44.76,36.06,49.15,44,44,34
8.13,22.74,9.93,15.9,21,14,20
33.84,27.59,25.03,33.33,39,37,30
69.5,30.03,21.76,37.32,63,56,48
21.27,31.62,18.69,18.85,31,16,38
57.06,56.59,40.81,41.83,42,38,46
37.01,36.35,39.02,33.2,36,36,42
43.76,47.88,42.14,36.02,45,29,48
47.35,48.11,31.89,24.07,38,37,37
43.06,43.93,37.3,29.58,38,34,45
47.79,45.46,36.38,39.39,48,41,38
30.13,22.54,30.22,42.94,29,52,26
38.57,35.67,30.46,43.12,31,41,39
96.87,47.92,42.27,46.05,68,54,39
64.8,55.18,33.57,27.04,57,50,48
22.6,26.13,24.16,28.21,25,25,18
32.51,42.84,15.24,16.49,35,18,44
23.25,42.48,22.9,23.62,41,28,36
52.24,53.85,47.38,50.97,43,42,48
104.17,35.84,40.02,48.63,67,84,59
43.35,45.83,50.11,46.49,45,44,58
41.33,47.57,35.82,37.55,39,41,42
14.28,14.33,16.62,28.61,23,18,13
-0.19,9.73,16.85,28.53,20,18,17
49.17,47.75,43.32,40.49,45,22,44
24.74,12.06,22.71,43.02,28,49,16
49.51,54.74,41.67,42.49,44,33,48
50.03,38.04,30.49,40.67,46,37,37
49.23,46.79,19.5,24.79,37,25,43
34.73,49.79,32.23,24.69,40,36,40
60.3,63.86,45.92,31.21,51,34,53
69.93,56.59,35.14,32.84,47,37,39
14.19,30.57,9.23,34.1,15,18,19
47.01,46.87,44.04,47.78,44,33,48
67.12,62.41,45.81,43.22,63,51,53
49.43,57.82,40.47,26.83,51,35,48
43.73,53.41,34.02,28.86,46,24,45
44.88,44.06,41.35,46.32,41,38,44
38.72,19.72,36.98,49.84,19,83,44
44.78,40.89,42.77,52.99,41,39,46
53.46,52.54,37.05,39.17,44,36,32
59.3,41.55,34.67,38.16,42,29,40
58.07,46.57,35.87,47.36,34,43,43
47.04,41,41.12,41.98,42,34,46
70.13,72.62,53.96,42.32,50,52,48
55.2,24.65,14.94,26.64,57,43,48
20.2,15.14,20.5,32.07,29,53,66
13.46,19.26,2.2,15.07,29,13,35
50.79,41.4,27.06,41.8,58,45,46
40.26,24.42,24.71,38.08,36,28,36
87.44,46.04,69.3,66.97,84,81,83
20.41,14.17,21.82,49.12,32,31,30
43.68,50.67,38.53,23.5,60,44,41
14.33,41.92,20.01,4.13,61,45,22
25.39,43.42,-3.67,32.58,51,22,22
42.52,39.24,37.84,33.67,43,42,37
18.51,17.95,33.11,43.55,28,34,35
65.29,44.8,31.21,35.11,40,42,52
88.38,21.74,22.26,38.99,48,55,52
32.26,36.29,27.79,38.19,41,47,27
15.11,28.19,17.31,23.47,30,27,28
16.79,13.78,20.32,32.64,22,17,32
34.57,19.48,25.09,44.54,45,102,32
43.48,42.2,37.15,47.5,45,36,39
34.23,23,27.99,47.11,59,83,25
46.66,46.4,23.88,29.07,39,27,32
71.68,58.59,29.52,26.1,62,53,33
38.42,42.73,31.19,28.33,37,38,32
41.74,42.02,43.43,46.86,39,30,48
51.61,48.33,42.76,49.47,46,41,46
44.73,53.62,35.6,27.38,53,51,44
55.21,44.79,24.79,49.65,54,45,24
37.41,34.09,34.31,47.97,47,65,22
62.48,51.45,29.2,24.67,47,39,43
28.19,23.03,48.83,62.68,16,50,51
100.08,32.54,31.54,44.12,57,71,41
16.72,10.63,10.26,20.11,24,14,21
26.52,28.92,19.52,21.73,31,22,30
20.92,32.81,19.67,32.98,29,126,33
48.46,53.56,39.65,26.17,43,38,48
68.32,60.34,41.11,32.69,55,49,39
44.18,39.9,27.57,29.43,35,32,36
21.49,25.06,26.35,37.97,31,29,27
16.64,19.33,14.45,45.61,22,25,21
37.75,46.61,31.46,20.55,51,38,45
13.34,15.5,21.6,37.38,33,21,30
17.22,13.32,20.15,35.66,24,36,29
20.32,46.56,23.58,47.81,20,46,35
49.02,49.02,28.02,25.92,35,32,39
40.2,33.62,24.93,38.87,44,35,34
64.72,27.89,35.68,37.37,39,48,45
47.68,48.41,36.54,39.43,35,34,37
39.66,40.45,36.79,27.28,36,36,42
47.66,48.79,49.23,51.58,41,33,46
54.97,54.11,36.54,40.35,46,32,45
41.29,20.92,25.59,35.18,42,54,65
32.23,30.14,30.01,55.15,25,55,24
49.66,51.32,37.55,31.01,41,30,41
48.46,53.14,36.79,38.27,49,33,44
22.09,27.09,29.47,51.35,32,27,19
45.65,45.02,38.59,45.25,40,28,42
27.96,28.62,38.34,35.55,42,41,36
60.72,39.06,26.06,30.73,57,48,39
49.98,44.39,42.24,36.5,46,31,30
43.86,43.13,51.04,63.4,34,71,37
37.03,40.94,36.74,29.33,36,33,37
61.92,50.43,24.62,23.31,44,39,27
45.58,46.32,45.06,49.87,43,43,46
37.06,40.53,30.06,23.45,42,33,40
58.86,53,45.26,51.28,51,49,46
62.09,55.42,33.34,25.33,60,50,42
20.23,22.74,21.87,44.25,24,24,24
7.95,18.75,48.97,71.76,32,30,47
17.88,24.29,23.14,37.97,38,48,20
6.9,9.93,5.68,33.44,29,15,14
60.45,47.13,41.2,38.85,42,43,39
54.29,43.51,37.46,43.24,42,43,42
80.16,29.17,31.98,48.08,81,63,74
13.59,22.15,21.21,30.5,22,44,30
40.44,55.41,40.63,21.82,65,51,53
24.45,34.95,4.19,16.82,33,18,24
33.61,25.89,29.84,36.18,26,35,32
39.53,44.02,35.54,22.62,40,34,42
59.11,45.54,35.23,32.06,49,44,40
39.84,42.62,36.04,41.65,40,31,36
23.13,8.04,41.99,71.25,25,33,51
64.79,47.37,31.15,28.96,56,39,45
21.13,24.56,31.6,37.55,25,32,30
57.88,58.27,50.92,35.33,67,58,50
56.93,41.69,36.01,37.17,38,34,36
39.65,37.18,21.93,34.06,35,24,41
41.81,40.98,34.59,36.03,42,36,43
39.04,26.29,20.33,26.03,30,30,33
18.92,27.08,21.75,38.28,28,33,22
