Image with Blur,MBLLEN Applied,GLADNet Applied,Retinexnet Applied,CE Applied,PPRP Applied,PCA Applied
28.88113968,52.98510595,80.81646795,115.9284338,66.46825272,163.0740221,147.7466401
25.96390331,79.13662813,115.2727818,124.268184,84.23870878,72.62987686,136.6709653
44.71781832,93.77705047,72.03467156,111.1936223,88.38148172,66.54036148,429.5046235
91.47946022,119.6818382,133.045167,127.3723251,129.474513,151.240694,282.1643849
99.18509195,106.7104,120.8456956,123.24443,118.5117378,134.9267147,222.7807471
61.59108448,122.7254986,147.6948172,149.4213997,124.3501986,139.5940692,144.5351728
57.5936414,65.62870995,88.11049133,110.1958727,74.4058759,95.95826863,84.27189142
25.62489031,75.87000018,109.6630006,125.5902275,87.35768763,60.88250932,133.1033173
55.48289831,91.16560551,109.8349175,131.2586353,100.317759,121.88828,143.1687285
45.01655271,110.8795348,113.0886017,140.3375046,87.510651,94.23262268,138.1745553
65.38637801,87.10758219,106.554956,136.5067253,101.9325246,126.4296545,173.2182254
106.4846291,122.5806333,134.8616164,154.9866128,127.8117373,162.18974,145.8125546
34.22822869,123.1133224,126.5214232,148.7584257,90.88010765,71.04187925,190.5017013
102.3901278,113.4018403,132.1599897,125.1762298,132.0367923,174.2733205,219.6909903
46.30076673,89.59248209,112.8911712,144.0157341,93.46752383,110.3466442,136.4282331
63.74411789,83.24613656,97.10766142,118.3957961,85.14864804,112.5284455,144.8762422
80.1622214,100.5270182,128.328663,147.9631331,123.8894473,131.2884687,233.5458043
64.11235253,104.6903388,109.7427787,140.1178313,91.91108383,114.564038,141.4120777
71.98517263,95.63872345,117.7043502,150.7894557,110.0572779,127.4962339,128.9636844
59.52350759,89.35744093,102.3961519,137.0594212,83.6713706,127.340537,153.1110507
72.78094782,101.3551127,131.2800585,155.6417162,122.7795622,129.0872211,158.8431413
31.98749575,115.1432367,115.0521341,122.7648195,108.326371,83.62895273,180.2761925
57.16555652,99.62608553,110.6898407,128.8218379,103.5559601,120.0424858,156.8291122
66.23519687,99.52064275,123.6269557,142.4245493,104.4544141,119.0647533,155.988315
98.05484428,106.755908,112.2748867,126.6091289,112.4742803,182.9725871,117.3748122
48.81890813,61.81548983,85.53838859,114.4753738,84.07362483,114.3804097,110.2521054
82.1935378,96.68535157,107.8544042,133.8207558,97.85546523,127.5533523,109.264728
111.8215336,112.7271161,127.1156741,149.9411407,137.200444,154.2939239,179.0173365
73.12505715,125.567926,137.8581066,157.055274,120.9950376,147.7953617,183.8279197
8.8803147,94.55265028,71.21585752,72.38499919,52.93839453,41.55547149,202.0407494
66.97026611,82.7961164,110.0282788,123.4012004,108.279604,128.3186931,102.2020059
275.6571473,84.00203228,94.75561557,96.08958709,318.9135739,307.5139908,77.33678036
49.75587333,93.07859033,77.74287539,101.0427739,78.8715872,78.07934794,269.06514
63.11269046,72.50723672,90.13489763,119.0581963,85.19588441,92.70204019,95.39955662
21.20962128,102.212238,96.82437339,126.6737341,61.01315658,45.6384055,232.9354507
18.63543907,74.21881473,81.03015559,104.0037031,50.20145413,48.08448521,212.9241332
79.81300442,100.7132689,116.0577523,109.3008465,113.2440534,138.3831353,125.9532646
280.410722,82.37269803,101.5852515,110.895102,321.8076336,310.7879634,101.9708592
26.93582352,63.25567511,91.68892635,123.02224,64.44413966,146.5465003,161.3781642
59.56042093,110.1436677,124.0809115,155.9660505,102.1865036,122.7993898,186.1566539
69.88214957,70.90674718,91.72551017,96.83877224,76.86528638,115.4031892,248.7013408
281.1946856,78.64549094,94.76248783,105.0429052,312.5206672,296.7434689,102.5091476
41.33780242,92.3711488,117.9832666,115.3380943,103.8388598,100.1003897,108.7135259
91.86203144,101.0331288,115.2388839,102.23174,119.3756139,159.4510638,157.2144963
50.85793416,83.29976978,99.10501147,107.4659907,103.0500151,118.224426,120.3036299
70.06457956,111.2918945,117.0450565,121.2144577,117.880482,161.4915186,160.1093394
81.24402072,98.06670502,115.5221395,124.0295236,111.3935428,148.6493719,129.0575062
18.14772393,88.63599489,117.2007143,131.1371867,88.04278181,57.57493886,176.7404746
37.52693249,72.19870827,86.74836958,101.6591856,75.92656107,77.92328255,128.3575315
72.63877995,96.15432936,115.8566716,144.4575138,115.8982434,130.6449968,149.9347875
61.56343633,79.51628818,87.18206073,116.1996608,83.65934441,106.5843178,93.32465436
112.5130296,123.8867579,127.5650178,159.0661144,135.3225583,166.9415406,168.280901
38.98389478,97.12806831,109.5263754,124.3370932,87.30890748,88.14758074,152.7437434
76.81924284,96.21605081,106.676791,132.4710344,111.330152,136.4791759,113.5103801
91.88962133,107.4309272,111.3370733,141.6304198,109.5300877,125.9274086,120.1223913
38.16654512,102.0262683,105.5195503,129.2604629,88.57459598,82.70327627,124.0860648
109.6138421,117.30818,126.6586746,140.8538554,125.7821784,162.8098821,159.2530582
65.29758727,83.78327238,100.7236168,116.4563574,108.5922466,115.5513786,88.08544054
83.73732281,106.1520167,118.190497,152.7033443,116.2331068,147.9194692,134.1825984
105.0055848,107.4943427,123.9808531,147.9269866,124.9670129,146.4479843,188.8980552
26.73126578,66.73071483,70.49682746,85.96558112,79.70799201,65.600548,117.1841021
55.49446476,110.1430531,132.4678109,144.1330915,115.5437321,112.7985326,135.7281837
63.78332565,78.405352,78.93150556,114.4064693,90.97838555,89.58664454,190.9730004
69.42896857,126.0945716,127.4752452,154.3482868,113.418486,134.7084449,157.2429239
88.2962867,139.1610487,158.1113694,181.9790867,138.1881907,171.2402949,181.3143961
87.70051061,127.5062014,158.439811,169.6997122,138.8192853,147.1625712,220.1046415
98.57781538,111.8347273,128.7067802,138.3747093,124.4376848,161.7463747,143.1721471
56.53708778,69.82460492,72.39511421,82.8241403,80.24137616,67.94597458,328.3257393
67.50979947,84.17439505,110.7570454,127.4725835,95.13247516,125.9330306,165.5656953
10.84294326,66.90597738,75.77972198,88.77382086,75.68809253,47.25190539,99.45016878
65.69132269,76.14816475,98.40375874,120.5636431,104.7979414,230.3071324,134.3624309
52.23789326,72.18234623,92.69005138,122.0395769,85.48943836,106.7484018,102.9063679
57.72242756,107.0495364,120.8824854,130.3402199,113.3274683,118.1644224,142.282868
43.06583054,62.58632373,85.18301362,117.2381098,76.49803584,98.47558886,89.29865623
46.29563094,69.21831042,109.6048297,131.9724515,94.22255463,125.7948968,108.4218507
78.90982217,87.81280099,105.7210755,107.9222324,99.21606327,126.1422421,190.8341509
90.14015378,109.792719,128.5757836,147.0491917,119.207823,146.3965576,127.1831902
63.63381317,82.62748839,103.3479939,123.6124868,97.7777975,115.0662765,91.99629743
92.44426659,100.6487864,101.9080734,129.9428615,104.5127755,107.4265212,91.29675444
34.8846557,78.53480889,98.39929081,107.115943,78.57984903,76.89776484,122.2084069
100.287219,128.4336699,154.572384,185.4671602,151.3187347,176.9930708,190.7966378
117.3999832,131.3896674,149.2065511,168.4515471,140.0737954,173.6206015,178.5686438
39.43608294,53.15022977,81.3313978,110.0012024,58.54151148,174.1408361,152.8491659
270.0057774,90.25599916,98.91334347,116.456216,301.9803247,294.6723957,97.57364581
72.66789751,100.6639722,124.0184564,132.4144184,114.7649637,139.351229,175.2148216
57.90419228,77.88315693,105.3000218,116.3416865,101.9191221,139.2023666,118.8392723
61.04769981,86.75627269,101.3677009,105.7436674,86.092435,84.12729413,260.5525887
76.26841357,95.11476285,109.7672915,127.5416492,103.4711555,136.6363429,123.4004572
311.3483216,78.68639897,101.0648871,102.626798,348.0997963,340.5473915,106.7106368
28.74030756,78.18791506,87.32022011,84.17558996,79.12776917,161.8290817,234.4599926
38.97980118,126.5322166,136.3081795,152.4707422,120.3806546,98.35372927,164.4451696
49.57780541,69.41251128,91.88446299,112.9425645,86.77516886,99.63743024,113.7917101
38.36086834,60.58648954,92.89124633,121.7029132,81.33781019,93.21866015,114.292812
110.419605,138.7656048,160.7072893,172.2090856,155.2835512,191.035159,168.234203
65.875313,98.8233076,120.7457575,142.120187,117.2850548,132.0153373,135.540898
254.5329028,55.01184648,71.77498572,84.63738957,272.2713404,255.2811873,78.48844154
15.14184616,60.59127863,80.71552431,89.58094835,88.75581467,59.62435253,87.61220259
18.15378007,73.84361924,98.56770693,118.5670584,91.29051787,81.14305523,165.5086683
30.04136014,48.99511201,73.16503709,83.27857691,53.78334878,62.21874147,81.66100942
51.0821897,112.9639479,126.4898458,130.1491629,114.2199794,107.9569835,147.3780827
77.5847921,95.39040972,118.0410877,125.5087651,105.2700949,130.1402556,189.519706
60.05482902,83.55893492,95.48526712,119.3434512,100.994907,90.77585093,90.72745665
34.7807908,97.5447984,99.79361763,130.9634376,76.30892664,77.37631477,170.8967152
50.79074402,87.28853083,48.6472319,83.17960237,83.09967201,70.95266729,425.7068194
33.18131916,61.82734969,76.62148722,114.4473629,63.64140394,86.5233827,105.4062902
54.96222972,92.75772583,115.7435341,141.0932397,100.4752859,115.4919239,153.0726994
27.46444393,53.71128215,89.81268686,114.2835172,84.34351818,107.233395,102.6408123
75.28108478,112.638401,128.3536047,127.5556279,119.8240229,136.0867153,173.2124295
13.77075434,61.00014436,88.24312328,86.15068494,54.12225364,81.09029243,168.8573934
255.0583668,71.14165335,77.6633169,88.49531027,278.9292678,263.6198544,121.5314064
68.85812733,96.94825507,103.6169155,143.4849765,94.43975373,133.9409305,142.7258075
81.67266682,119.5192638,143.9131197,150.0643568,133.8165912,148.1972133,176.7239865
32.1685434,66.15493473,97.7606938,88.91070689,97.19998909,133.8644051,189.3070054
268.3391968,66.2003969,75.94357458,88.80963444,283.2835539,275.0905181,80.69149507
28.60402643,98.78173178,103.3723372,126.9629748,71.67296333,84.29577983,166.3076386
93.86104932,104.5347874,119.4283888,137.7571443,124.4343067,142.8246519,167.0455897
42.68742348,94.20851865,110.087181,125.0371782,95.66027003,97.47653127,160.7105777
82.94286601,117.1142311,144.5605783,164.740706,135.7259605,158.8577618,168.9391709
56.72425637,81.77065128,91.83479795,110.8250458,84.67853255,113.4105328,195.7956985
56.08778548,108.372007,112.4347099,104.1469665,117.3060465,114.0627715,129.471655
91.38064502,101.8934498,125.8659133,125.6882949,121.8103051,157.4635308,165.8477115
58.30855587,76.63839777,98.44586306,126.6787406,93.68384245,131.4156136,121.8612079
30.05263338,72.21586934,88.92640551,99.98647796,81.10472454,76.62408491,87.22189944
259.9856779,66.08956628,87.50681187,99.86645249,308.2877566,295.1458874,95.83556236
36.76263253,100.7784062,119.2846176,144.440594,88.9822085,205.3489274,275.0685648
53.52272059,75.66454115,111.4080156,124.7875399,100.0148598,103.7123555,97.85719829
14.07535834,86.38390575,91.80789501,116.2945698,81.97011859,71.40037596,133.5442961
32.30162982,51.30051792,82.48058095,95.59115055,72.50073238,135.2481928,105.5395713
110.1666822,131.3822118,151.8590974,154.4222423,147.5692217,193.1814762,182.8677024
57.26293708,82.82059899,106.4456503,138.6685561,93.22425491,122.8015724,118.1781449
92.94533529,110.5194224,123.3319858,141.7957191,124.9270247,156.0959491,135.3488468
59.65513608,81.72807891,93.00172104,103.7841045,87.41485873,110.5051236,136.183383
33.43959914,84.74340187,100.0131161,118.0443389,91.16116694,75.469751,104.3741241
297.0165416,49.14241797,70.91417855,83.71617011,299.8949306,305.0080356,124.1137944
35.36475348,83.32008051,88.25001214,118.5551671,77.96094561,80.01041509,136.3020439
90.09515665,105.2852586,117.6627885,151.8057939,119.6872067,147.5920256,115.7987006
51.83290311,85.52472126,117.0387039,114.7591305,106.0102107,106.8490877,104.4883315
103.8070508,120.4463789,128.7675046,147.6922637,127.0815882,173.0254671,163.7255835
59.41895784,74.96973713,100.5463816,108.2020503,100.1642481,115.194879,94.04747764
54.25825819,90.07821828,126.9821765,148.6653053,98.80539721,109.4001223,150.2796368
73.05562908,105.5940496,101.2571292,86.83858404,108.8587422,107.3616712,239.3906768
31.08775452,90.1074561,95.96894207,96.87676335,61.87671451,147.5110883,281.1176145
75.75370356,76.57659863,60.7115178,81.41246921,90.67804987,90.78528498,148.3422122
34.31867504,79.9148983,86.44226178,103.0720198,83.73057793,97.67513388,113.279983
82.72983241,102.6410991,110.270307,138.9468857,106.322467,118.1995535,87.04275774
81.61563341,96.0106574,118.2665143,124.4751323,106.268422,132.8610749,146.9075194
24.53409501,91.77532779,94.97939817,108.8342714,63.69782715,88.49594675,159.7973853
22.25380251,59.46436804,85.49455534,132.7435296,62.14419584,83.03977169,111.8491237
28.96936776,100.0244266,98.12995694,117.3471492,79.74259544,73.66665625,199.7498799
124.4529295,140.3416847,158.2661883,173.7114279,153.4310516,196.8858573,178.9357634
66.07681469,86.44268585,110.1423913,126.6638075,113.0596177,97.76531422,239.6937635
53.52825145,68.13106306,86.35768689,115.7859828,71.18141835,150.3896649,150.3511884
80.1390925,97.26695458,113.2899389,146.1888954,110.089083,137.847713,144.5507648
71.48755937,92.06071523,113.4140482,107.9331993,114.3702846,138.4684186,122.1749481
37.85396937,88.77882055,106.290638,120.9032798,86.01553454,81.52393915,153.4760874
54.15693217,86.78862052,87.85857954,101.7950712,97.0559935,82.87322733,201.2189876
29.21342013,85.74944293,105.3725891,126.0954781,79.06056331,75.76013453,130.6790037
71.38743989,79.25718838,82.88089879,114.3851703,84.62759045,55.50793412,101.2756424
87.96336778,109.9031149,126.0149709,150.3904894,120.2324304,147.6307281,118.3859704
282.6801608,63.09675718,47.21188,56.93444913,263.6321649,265.8800689,208.0738204
67.70626884,100.0953575,109.7535617,110.8847971,101.0293654,143.2378674,210.4292239
65.69534761,99.67257434,117.1545617,148.5018667,107.7915354,116.9034454,180.9516404
280.0337225,71.53834299,89.22027079,100.7014725,313.3427235,306.3343822,102.2535011
104.3058678,126.9400031,140.8569184,166.9147759,137.8021068,177.1053371,174.97363
49.79501214,121.3860336,132.9749454,147.4442465,101.3369315,109.6755513,168.0625921
61.2581368,76.90883012,105.5396624,118.6237323,102.950733,125.3277046,118.9764579
64.30766894,78.2735784,94.59692664,115.9755529,100.9591451,261.407074,114.2836514
85.18489297,111.7840957,127.5587083,154.4133897,126.4087753,126.6485735,278.9811652
84.73031658,101.8767327,113.3052768,123.5431468,121.4371325,157.4418493,140.3725814
62.50783111,102.7059057,109.0520408,136.7505723,102.8915069,121.7896353,144.8238508
43.52418388,106.4853882,100.7688027,97.86588879,75.11632544,76.59523061,330.8623485
39.21559434,90.63201137,103.0048087,122.4625628,85.69677085,87.96279016,126.01629
81.60117759,102.2196558,123.1952441,140.5859492,122.479448,151.2232587,148.6528625
54.35005976,81.94032201,107.9636635,124.4266145,103.0159609,102.8766481,100.1464789
34.14331996,61.59857921,89.86607311,112.8517852,69.87446485,96.96390671,113.4420137
32.64374912,109.2475679,130.8862807,149.6488421,98.50533969,84.65318549,162.9088648
83.25085692,121.8681796,107.3561698,129.1761106,119.1935009,118.2608213,379.6373869
43.15485993,53.46614307,87.60884759,91.44021104,84.18149447,176.3275762,94.44390344
88.02630983,98.25216256,117.6135164,146.8156763,121.4090639,127.6848861,287.8941158
54.25752983,110.6869547,121.5966612,148.5594757,94.88422509,106.3089935,171.0990123
85.84569457,137.3314074,131.3131596,152.7441819,119.9837559,159.7809712,172.3675856
98.67352023,117.633575,134.4419851,148.3854949,129.5080779,160.6777269,165.5616011
82.9150046,130.8345439,105.0268302,128.4798609,110.8578048,118.0418953,354.2835855
103.5397079,123.7503639,136.7620105,177.9608968,124.4327784,163.7486782,133.5933014
69.83957143,95.81806495,123.9460088,151.5412882,121.3664814,123.9496189,180.0474525
50.2146157,64.0483742,87.28988877,107.4646286,79.44657922,95.89493057,119.1580635
78.47823514,100.1761255,117.9888057,120.3830903,124.2400978,141.2873571,107.3716819
65.31913468,87.66217294,116.178211,140.2221896,103.519121,134.0172214,124.7055137
60.13884872,83.96874859,105.1193399,100.0914692,165.6968387,95.11896221,92.52844851
57.17834448,80.37539152,100.6893413,127.1475259,91.55280177,125.8737806,145.6940948
86.10232355,87.34891962,94.97828804,107.0086868,96.84767959,121.6385411,215.6836915
29.85387561,77.19044477,87.53342107,129.2856074,76.20988705,80.86053195,112.8363347
60.51612389,96.69231143,101.3811665,130.7168028,92.03721778,112.6954778,107.796767
43.63883653,78.88560672,101.2359619,120.4595693,91.82044022,134.0892846,130.2088098
38.59612687,60.27584928,89.43735217,118.914847,76.70289527,119.1528362,130.5738971
45.89631113,79.48909147,88.82769842,91.47439005,92.21064693,90.85825571,162.7832703
278.4410911,75.92544745,86.46441814,93.32741708,300.8672156,283.5192355,81.94530508
85.08075145,100.4256282,111.0902622,130.3198723,115.4871181,148.3800172,119.3069268
66.68724895,106.9195268,112.8903832,130.1118341,107.7907463,123.2541238,260.3119373
267.4620533,55.09433211,70.80535843,66.80553624,266.9775247,253.4021898,103.26631
85.29327523,98.25067715,122.6673536,150.6678457,111.8167161,159.2748364,170.0246214
260.6543431,47.32889039,67.07035777,77.38666954,282.9512583,370.0751648,101.7888233
14.19094733,47.19709042,70.11679328,85.92723632,56.37145612,48.33860147,89.3447944
54.30440605,68.81181222,94.42955245,123.3291964,89.83822181,105.9805203,98.20943938
81.0374451,119.9941108,135.8653256,133.5832322,117.0166639,142.4833169,167.3174976
47.53900613,52.97369572,83.45631761,108.2151091,72.35694509,222.8025702,112.2942734
282.45026,91.33963534,99.74976538,115.6607417,330.9422975,324.0162409,93.55172354
33.43077318,81.25675946,86.80616113,116.0230659,67.54766018,76.24787256,151.5316626
62.76482498,93.10124292,113.6921017,138.3370242,98.75125377,116.3416284,145.7826326
69.08771414,83.91407426,100.9008293,136.8042714,95.24061505,120.2610291,128.1004893
82.029214,96.48848585,111.200546,132.28869,118.9167942,138.6475076,145.7319474
55.74236459,101.6208414,130.4765838,148.0826247,112.2028515,119.9811658,175.0129443
54.64423239,81.55318648,102.9510616,104.6779405,103.268256,123.0740887,84.58746535
48.82938339,94.69429698,105.6912063,120.8330105,105.1950246,122.3151859,160.2351137
73.17682623,111.0834802,59.24654743,67.13505082,82.91766554,90.7570161,419.4995947
256.1399268,68.03070795,85.84756541,96.15758593,290.8008531,278.3099897,104.5379363
87.17777074,90.88204468,95.85402485,108.8236928,100.5031397,131.4531897,104.1663336
75.7553021,110.6616188,108.6811727,99.09450231,104.2308457,115.7399105,257.260809
60.58100846,122.7534243,121.5102788,144.7464011,111.7853301,132.2634213,192.3170815
80.67000982,92.8723987,101.2551382,116.6538896,114.8285154,119.2142419,178.7110765
48.34842046,73.29929928,103.8347836,119.4218088,98.54552703,98.08578424,88.64395928
70.68413141,95.75059683,107.8832764,120.9087414,96.72752149,119.7495624,140.252703
98.01853399,115.3780414,138.1349017,149.390459,131.0385247,157.4432361,195.0991205
54.07529613,103.4115765,109.4386318,130.9817708,90.85588287,98.15922192,227.6820587
67.91457865,114.0219907,121.4377923,148.6898611,105.4952623,133.2624324,157.466538
81.17496572,96.89155639,119.805908,133.9524727,111.2854467,166.6564018,158.8316578
69.44084903,91.91371174,113.4271249,113.0878147,109.3464825,139.303381,112.1433241
76.94616275,84.65564363,101.2250292,111.9807668,105.5793498,129.8934796,88.03051514
64.731524,113.2223408,116.0906618,129.6132477,109.0027622,141.6887571,147.6340588
108.7189479,125.3660414,139.8645389,157.6188095,132.3976518,171.0621414,137.2860867
74.72764491,103.1426565,125.7524121,137.4954088,148.1169253,119.6967455,157.4453073
113.2020776,135.7545751,161.3727436,184.2978032,148.7730571,183.7851279,193.155188
49.03596969,83.06003014,110.9488446,130.9865253,99.32854656,129.7184042,119.9578343
83.6526672,95.19596472,104.1014614,131.2456427,111.1695406,122.8763002,159.3563018
269.6431957,64.66684515,78.78278715,97.79775258,315.0930776,331.45787,105.2498721
96.68332684,109.594398,125.0890704,147.8820882,101.6829365,152.3379444,266.1538857
295.21404,74.38338136,60.11835984,71.76950657,295.9672222,291.4494344,259.3952493
48.96262544,83.89842057,113.3862729,130.9242533,88.05114884,102.3014557,133.3102388
13.5959171,81.10276268,95.16209843,124.983819,61.3118047,44.03419496,134.3152063
70.01977581,98.06760295,47.43592157,67.37062439,75.62462738,80.79069575,347.5978214
40.00939815,100.7712443,120.1189463,151.0076717,92.45418264,89.42244494,162.1014828
248.6082287,62.51752989,64.79901303,83.12452148,267.0525806,252.8507755,103.2928839
45.62963002,95.03856494,110.7074952,141.350748,87.90210248,168.5476945,158.7264289
57.85109163,66.87290237,98.20043993,90.03296755,100.3622837,201.6905179,126.7336431
86.43320528,104.6589993,121.8408283,103.8590528,131.3172015,171.3488284,189.7932214
24.05647023,73.80554089,92.69627667,106.3761034,106.2105367,115.2507049,192.7088775
79.75677254,132.0631585,120.8145235,131.624866,119.0165731,144.6808488,226.8986334
88.78534017,109.1160043,119.275437,146.6044499,120.4540388,152.1152223,137.8573896
108.3002038,138.0009749,158.5127229,178.1112524,154.3450091,198.7556187,173.349349
61.97464184,95.97113956,57.61011269,92.51014974,79.4852994,75.70507093,381.3864834
36.82582067,85.89485941,94.91025259,138.8675652,73.0009622,159.7455368,171.5681326
15.70951483,64.98463406,91.29200591,102.1028462,57.92124507,50.89827002,112.250154
50.59668507,85.79269631,125.7967645,142.2841864,106.2852922,108.6413148,131.9508693
59.85502372,103.6234896,120.5156774,151.2013432,101.5432671,122.2800644,148.5982462
16.76056734,103.650957,106.6588896,131.5068465,80.24268426,56.6202545,141.4905132
88.91228489,98.38659726,117.7040153,122.2491509,119.0820236,155.3965614,189.497998
105.1077768,103.9632484,109.9360754,140.5806608,116.6432791,137.4594575,140.3654239
77.39790658,95.75060163,120.449792,129.0767487,103.4084562,126.1343478,117.6218137
79.44815584,88.38119891,103.4469423,124.5130792,114.415615,197.2300527,98.4236919
76.47041776,108.1374713,121.0019544,137.3681591,110.5806714,138.913199,144.2173919
57.8866348,106.5807901,110.6064135,114.4539541,93.32437157,129.6804585,171.4917412
33.23754216,83.19792029,97.10178099,112.5135459,91.82152849,71.67652772,158.2368846
46.04424657,71.17184798,96.06661478,129.6435155,89.15779904,89.67264967,90.1808838
33.54792692,89.81699485,103.2293585,138.9030284,75.56666232,82.9659138,143.0672352
94.82360472,116.0603139,127.9576597,153.6602723,125.7906033,157.4436948,130.4358462
83.52710572,105.5275786,115.1893946,124.5289233,111.2862554,126.4242213,247.0467796
54.08932471,82.85116385,96.76387854,131.637074,87.32696711,103.1635432,122.4635587
92.15486657,91.30132355,94.98373443,125.4585748,100.3424358,117.9444138,238.6162286
69.85499595,87.24556957,105.3022688,110.9010552,99.84367447,123.6406986,167.4252689
72.07746529,81.10267286,56.40568704,72.99411548,83.59169603,87.03378577,274.8062113
90.44579712,129.5263482,132.2338927,143.1871602,119.8851161,137.2515508,226.7912239
33.27266917,90.29047303,109.4246828,123.0691773,107.9945155,99.02499183,145.6159082
71.8467678,102.1248222,117.4314373,88.45729768,101.174803,129.0499613,222.6165395
89.92506942,94.01031407,111.5898338,121.5565895,101.2765557,153.906099,152.3426111
69.63883659,103.8332007,121.6906844,132.2611284,115.678768,128.4932427,157.8239345
33.23895258,91.14386868,99.74475863,128.1535817,82.50040293,93.8587486,149.9314891
63.73693109,90.99882003,95.66763459,94.67916188,94.87744169,119.4909168,126.3051193
69.63111398,82.2030609,98.04065269,125.6660768,100.8211088,160.0626304,113.4063886
27.56148822,60.36911659,75.386478,93.45860556,73.69166222,60.98238311,72.39134065
66.12681753,90.22276827,107.4584958,130.6705221,106.9394484,120.5671176,137.8265872
72.23391688,122.7737337,147.5814839,162.7098844,135.268408,131.2090876,197.4483899
65.78866109,89.59690366,117.6408433,143.1948697,107.6448731,130.2381405,137.3559475
33.71778142,52.9013327,93.74647326,113.0758313,79.69526477,133.0793643,114.5332936
86.96811799,107.9240563,121.1292971,138.1993742,115.0740611,144.5372664,114.3967483
66.32834466,80.69765687,110.2822352,80.91250316,93.95967675,116.9839641,182.9122631
74.76208303,95.62994688,109.1682824,146.7726247,104.614832,121.629941,111.9609869
25.34682116,98.42859057,106.6970536,126.2588185,85.1289344,146.1789646,192.9550033
71.91043857,87.5545163,108.7142054,96.32816683,92.56710777,112.1816872,155.8150339
63.6950911,50.92340025,23.78561694,42.13936715,66.35983071,70.14236735,297.6524241
118.8244109,131.7604582,141.6021651,148.9977474,133.9354423,178.6933798,177.0052745
79.55425554,86.4663487,108.3915557,101.7263129,111.4725663,147.5610566,101.8421553
73.39002194,93.68245401,112.2888968,158.7442191,101.0663898,144.172522,134.9831524
71.90026421,93.89575325,110.4899758,95.68072674,103.2117234,125.7560968,168.1891058
50.81940033,96.22964003,123.3073056,135.3421223,116.39237,107.9488513,139.2232942
79.23648922,101.4508158,121.3630088,138.9632198,116.3918254,131.3648951,221.4916985
67.84865602,105.1703377,122.5321883,119.6675625,106.5211064,130.996759,182.0033732
73.02273549,105.8219609,118.0237174,117.9454038,124.4404884,139.8289034,150.2005902
69.69706944,79.9505524,94.35552053,89.38452974,103.7270968,132.2941513,105.5448941
27.97687201,83.82156071,98.23860857,113.7521549,85.50915487,64.20427628,110.9388256
86.58317448,92.88829478,104.9220337,133.0753801,114.2862327,114.9244674,336.3817424
106.6340043,120.9629406,133.4921776,154.8589018,136.1656009,171.3684424,179.6253668
46.11381193,62.99546373,82.06773252,100.5502831,87.25189364,148.0299499,79.84887685
67.29068989,89.98756847,117.3207895,128.6320009,116.8382389,138.0237522,123.9654144
23.49467644,62.56328013,93.29020558,113.7020124,82.53642814,72.9004293,130.6024011
38.60154703,85.18844041,100.8569628,110.84512,95.06911447,85.36105237,133.9263601
51.3814582,93.58591442,107.1554061,141.5871035,99.66261521,99.37407901,144.857771
31.98697841,106.9074471,102.3462284,119.2451252,83.66583695,53.29413163,218.419398
30.37205025,82.49056868,115.4808244,132.448844,91.43843441,82.60685673,163.2351793
92.98489911,122.9267983,143.1659235,177.2781309,139.7718567,170.509531,204.2598918
59.05245662,95.44103731,115.9997446,128.3369683,108.3447945,124.5131258,126.7611239
61.4930767,76.45870875,89.85884948,100.9053706,102.4984744,125.8843339,117.2679397
57.65362488,95.08565492,117.6712708,146.3103891,107.2708457,109.5095068,123.294585
39.94484566,78.46109267,108.8814717,138.8702111,88.78563688,84.23104558,103.7114015
16.35259761,82.94543715,101.7898892,124.623943,82.33931472,52.30191541,162.45795
47.40314095,76.40780733,93.36629434,117.1397693,93.3201168,121.5734013,96.29796026
69.74803139,83.79170879,72.65956571,98.96602663,99.42337482,95.5597847,235.7966952
25.51048542,72.2036419,72.63195581,52.72319097,94.07384412,56.77016945,103.7714957
100.0360295,111.126585,122.4851053,123.8631529,124.4622799,161.4800709,202.4751834
80.13680924,102.7585016,119.0861253,140.7014165,119.5397643,152.55381,151.2857177
59.24362543,75.9619387,99.80668479,144.2658435,88.06923422,115.8109034,130.7858222
58.91070818,105.311658,117.0522858,152.7651783,106.9633965,121.9090537,155.8738247
273.1401014,87.91207029,94.76617936,103.0323057,285.3099509,280.0645823,104.718301
74.02064243,88.61648925,104.0313666,132.9732312,97.86620244,120.4028809,120.598444
306.4408269,73.12284027,92.52787817,89.8059324,342.1150811,322.0705292,95.44923352
64.35312872,94.48735994,96.13434843,128.8810845,109.9559059,159.1465712,147.4981542
63.97549286,91.48478223,114.4377493,126.1571608,115.6104983,177.4894281,114.3320873
266.6712855,56.88498061,79.90767258,89.23266478,306.3839512,291.7023229,87.38585934
48.84818358,70.7729787,97.0678974,108.3264461,94.75930755,96.0522076,84.30997374
46.80374248,84.00384297,96.74284509,115.6093257,94.0524468,103.2191715,105.2145007
94.07999637,110.6639389,126.0165012,145.480267,122.9750236,154.6723889,157.8901066
63.73433583,83.02446377,104.2572819,117.9843308,104.3865138,130.6161916,120.5142957
74.23090521,91.52409755,77.69944398,90.26909836,92.88491023,97.97300273,367.2670295
257.7489816,64.97703613,84.18200362,101.1475945,300.8082518,316.1569308,89.32210601
28.24451739,64.36262409,74.64280459,95.35962775,65.51565517,84.62467935,115.6301734
31.35478029,65.14593031,88.545063,98.59884899,83.77277571,71.20804206,76.18730242
65.26086345,125.1615957,149.5821199,181.263111,122.0565142,132.3301362,187.3140299
91.7868641,104.1379875,115.9254637,130.4340138,114.5561248,132.4891958,208.0205995
36.84359085,84.08224265,94.56591717,123.7671666,88.99316319,104.4099009,124.0822606
64.25276089,88.66793236,105.7317835,113.039746,92.12538229,137.5136633,208.2660514
78.22932038,93.84706502,108.4271526,111.8463555,102.8422223,144.735539,194.0347596
30.7482925,96.91673094,103.1517727,124.883118,90.5569744,84.90452551,127.5914839
56.42061551,75.98038988,91.53101572,115.7203186,85.54256954,99.0294294,109.5575441
23.06237204,75.25939862,69.70591572,88.67153047,60.49529733,56.04959178,90.1633524
93.07965625,138.4738019,142.475901,157.9474131,140.332909,182.5172259,178.9761787
81.39010506,98.38140554,109.7614525,137.2893341,105.1553996,130.3931359,183.1237054
38.53180532,78.26668146,104.1445833,116.2401021,109.2943149,108.9157731,120.7953041
75.45302722,127.2651691,137.2476055,168.8815852,124.7210384,126.6916211,250.0665696
67.58238991,82.77440954,95.52510848,133.9137596,91.45367343,114.5947688,101.8864623
69.86034705,82.71154804,34.26240218,50.14555828,79.21668693,69.27363316,290.5747926
30.46422983,87.26048351,107.921363,125.6830615,82.74064017,71.62634061,149.6839107
83.87916233,121.4755499,119.7945346,135.4447207,132.7115699,175.2808473,178.0201436
64.80654636,80.94945637,99.38697699,128.4843727,94.97257762,114.5030588,114.9156962
54.05427766,91.16094596,106.5430137,120.50505,95.55994006,117.6001373,105.7427161
73.89532596,88.76517573,109.7464862,117.3030976,113.683477,236.4186942,135.4632359
90.93312076,107.9089803,115.1698204,139.2239591,119.5898779,136.231269,124.0106434
74.48798588,86.84631831,105.6303468,119.8784327,98.58702263,129.1396789,189.7810631
79.58006956,84.8685974,100.5432414,109.9970366,109.7605492,132.5982307,115.4676461
58.0708956,105.4038742,122.8708959,161.1978002,102.1308371,133.2930091,155.5246149
96.25671322,114.5501316,129.2166842,129.1511496,124.3265706,158.2579158,127.7230073
70.41316801,111.7182341,110.298615,122.5288503,100.6179544,108.797178,306.7363998
117.8193063,122.6251408,133.1438444,133.3137108,139.0228094,188.4580051,167.4835998
94.17445962,109.9926172,127.7182934,141.1420651,126.4829188,156.1428635,138.353261
93.11937758,105.7194892,120.3752638,118.4060925,122.4505867,142.4385321,241.0974558
18.41585737,63.40683545,73.99873384,86.85217364,56.11236604,37.30056486,125.1067387
109.2395859,55.61675994,86.14311517,98.27423602,166.0870343,178.8654289,113.9227366
63.17882993,109.7729829,130.2646491,153.5883803,122.5573757,125.4659155,114.4842076
53.9177023,100.9732404,119.9873072,126.8086057,123.3660675,124.5257391,136.1452886
30.63118735,87.46571788,79.67855144,86.96360435,79.36057017,91.94352815,204.1765824
86.58577995,125.7119228,132.6636518,146.2219517,125.522533,152.6948631,199.8713963
65.65626268,96.68004229,124.6076231,142.4472407,115.6020517,130.0638312,133.8028987
70.29230878,91.30022693,101.783772,118.5034663,98.92049473,106.1293364,220.8693396
61.13285633,114.8916648,118.5330503,130.1859891,112.7642326,134.535652,152.3683041
34.25120541,92.29336106,98.49492642,134.0104108,73.07857929,83.34810268,159.1880929
75.1799236,135.081367,163.1809698,182.3033598,145.508184,140.8648433,178.7961706
105.5250018,116.987832,134.3941537,121.6642508,137.3742033,176.6996414,229.0019433
83.90571994,111.777615,132.8814284,161.4218438,126.2975335,145.4372145,149.3436502
83.59894033,105.6154343,127.3071106,156.8304208,116.7858727,146.199707,125.110343
82.99502468,104.6302053,111.6521529,117.3173251,110.0757245,127.6678733,280.3337474
72.5069649,106.9572455,129.9766372,125.5024622,122.3592671,123.4468085,203.5892287
67.54787782,102.5169674,129.6873035,146.9781323,115.9736279,116.0454808,216.4246274
68.46716178,83.7713798,100.690246,110.262322,95.74379378,124.8608445,203.7443244
36.06468494,62.07037399,65.07645346,91.38277432,60.438924,81.27256193,153.4842606
85.86459568,113.2609336,118.7352119,104.454882,121.8820958,130.5047413,262.266425
50.35558208,94.34096097,116.0551113,114.9515302,111.3068116,128.3082091,136.9871379
52.02649562,70.91250076,94.50579726,129.8596837,87.35866419,116.7388745,125.5068539
27.0691085,81.09513812,73.88685029,91.65071154,60.70422888,42.36105168,199.3413243
64.2470459,77.57558577,89.14088043,117.3130348,81.41086287,123.5948551,118.646332
34.17541769,100.250453,113.2646273,122.9353844,105.3363001,83.52217848,136.916601
39.35157898,93.24030096,114.6989569,137.4899387,88.62478678,82.08135624,183.8490487
26.20368802,65.78187307,92.42638668,113.6891269,68.97972898,96.94315771,103.0250122
38.1356784,71.62343405,79.36632128,113.9635465,61.38304302,146.3240006,165.4026393
20.55794406,59.74802694,83.63670603,87.20104935,68.51442004,182.6781272,142.8695935
32.3801662,59.76220791,84.5601097,121.2369453,72.93761051,303.426253,188.2948832
74.24198061,91.87570529,104.2229387,124.0975004,99.80954683,113.505765,83.95910686
84.90622725,111.4115698,124.7847458,141.2226345,123.4783089,156.8593768,204.0223662
47.29419869,97.41891432,116.1560018,143.7169146,101.2730268,101.5351652,117.6939109
71.10996662,79.64768032,101.8750502,106.1883452,99.28037562,113.8135268,91.28238184
57.4428253,80.13307848,106.7219398,138.5519178,89.51512466,167.9801607,167.230016
60.42958907,92.83830009,120.634548,132.4189988,104.2199581,124.9668832,130.682966
18.54248988,69.08249815,90.28536233,119.2988864,56.56498708,116.3860022,153.4584213
51.17044665,101.1977384,108.6628302,94.1106764,110.5290437,121.8686436,170.2004378
33.24863374,84.22698363,88.77619385,129.5356968,68.44926242,77.15506895,130.5297656
73.77321833,102.654852,124.1368409,144.1884399,126.414507,129.5609787,177.8423811
42.65925442,90.09204762,115.8400444,122.1863878,117.4268808,104.8313338,111.5512575
71.02267251,90.6427156,93.96207165,109.4548611,96.55212641,155.9616042,136.2899684
27.66069686,103.5853278,98.44956712,126.9035899,83.74667451,62.17510762,172.1322265
96.60831897,114.3763507,133.287683,140.4588766,133.0084694,170.119882,155.9065901
43.91781726,69.70062209,92.10669913,117.5898396,81.08884749,123.0108644,125.5560282
30.25653664,93.42134274,103.0366749,131.3407755,80.2778443,66.28333683,170.996826
38.01488609,97.13092418,111.4604179,124.9940786,75.09370917,86.21137245,193.4520725
36.74707871,89.7373365,81.94263822,104.4118005,93.50668106,177.6566522,170.4293778
81.56663706,98.62756354,117.4556169,138.176141,106.5820635,130.2251676,159.3287792
65.89058984,95.53038085,106.2953251,119.169889,115.4896393,196.3870216,160.8640052
52.68865812,78.9293219,97.92643109,136.7748153,76.21690547,97.63264903,140.4416311
92.94743019,112.1981123,133.3606153,136.7390876,125.0909847,154.3573118,183.2310576
69.42831781,91.84759433,119.5890567,156.5200456,110.2907279,123.9410295,151.0715731
68.63419421,90.79720988,105.18471,135.6578804,102.7637833,119.3449588,117.420225
36.54243097,103.4312141,123.8948778,138.4515724,88.46088964,95.62319228,193.6396381
104.7331968,112.7196243,117.330594,140.0411118,114.3025129,125.3633774,107.6292539
54.67798601,84.76661117,103.454391,136.1530186,97.88870387,112.1491311,124.3462819
55.40401716,86.80554724,106.7959906,142.062355,95.79427902,139.8792283,151.7358343
63.75032525,73.54050411,93.7847786,110.9225911,87.56825818,129.1560163,122.3694847
76.54310325,97.82126965,74.70723914,90.40510012,91.05550561,95.68251913,333.4630278
44.82932334,88.98301903,105.9577155,133.4559489,85.48279884,97.00690345,157.4651355
74.36312797,98.27145515,117.7009647,113.1436043,109.4712123,135.9662769,142.3957416
103.194718,129.1419043,116.6365255,121.9104318,116.3616822,137.2888581,344.1034477
98.23786966,113.7876165,132.6430645,120.1403932,133.0391642,168.9051443,191.3950805
86.50430051,105.7129501,109.932434,124.7729359,122.3350406,137.1341451,109.4491328
75.47542319,99.07313904,91.82286853,78.56772345,116.3323622,101.6920687,139.5915294
38.42671859,68.54562236,80.75348932,108.6094901,71.5866158,86.01216817,88.54429192
249.4934444,72.82150484,82.38455521,102.3428997,292.554209,274.6312585,88.67618246
56.84604927,69.60640061,89.74050193,114.7755631,88.11194291,134.3451946,114.0454033
37.22703364,70.76306016,100.118082,95.01772603,108.6231474,208.4794494,92.94506254
331.8818547,65.05050689,64.09726103,67.729971,297.8345848,285.0040434,110.5040444
44.81977197,108.5930678,77.51530356,109.7617525,79.28028656,51.93244896,426.6512149
45.12631478,102.0687297,117.7694701,136.201609,99.48139932,85.00027244,197.173922
36.58867662,63.60829488,95.91323192,123.789254,76.07151153,80.36987895,102.1064853
38.65958984,62.77793064,92.31289803,123.1830111,80.67383334,113.4637448,134.5351884
57.31485323,87.32494281,102.2266532,119.8191571,103.7646133,182.1046942,109.2826804
59.15805196,85.62523211,118.4141099,130.8628279,104.4336279,141.9214027,237.0882108
34.49675064,89.79283697,109.0045376,120.8122713,89.60773855,92.3980082,117.0562319
50.1809421,65.97918516,88.84406045,93.51592605,83.43827824,108.29137,129.7395994
77.55654966,92.19028535,67.92809021,92.70643692,91.54463789,98.56481494,363.4876635
23.62559768,57.77067845,84.30167012,108.1690271,75.28546459,66.83114234,115.1164441
67.71485282,89.84810138,108.096398,119.0412154,102.2261663,130.230824,161.9558071
51.02844159,72.22525666,82.50732404,99.1844889,74.32670557,118.4287551,122.544965
41.32260004,89.4912078,112.9344511,123.7769205,102.384297,99.15033844,138.9373222
58.91332303,90.78659907,96.73300675,115.45829,92.86958803,114.1474262,117.4695467
47.62079155,62.07168699,65.1634173,69.76043376,72.04339925,51.87981153,275.4720847
78.24639142,110.4050868,130.7761619,152.1756478,125.2662045,150.5318983,150.6756345
47.38212624,62.38492763,81.17543424,113.2528981,75.52316628,100.3999189,105.8384396
280.9020324,58.71559329,70.54501805,73.28572368,274.1889918,258.9833746,91.81105257
62.23078319,73.6007938,119.1161601,125.8813307,102.2224937,152.8154264,193.9445898
24.38775322,81.53841825,86.11176909,85.2709807,92.91827232,80.30390445,140.1022422
48.74261938,74.01296171,97.75739542,114.4562061,79.99038396,108.1943127,154.1423092
43.16280917,67.30792566,84.23077964,77.91603802,62.5581969,83.07140334,212.3928739
79.16769145,98.78478396,111.7167717,147.09856,108.0948344,124.6438599,111.0539409
49.21458975,92.37894703,84.60535463,115.5875964,86.77276323,82.11105443,255.4970303
44.49503957,94.12032101,103.5080172,99.27704019,77.90884321,82.61122556,251.0620364
283.2104512,67.4440822,91.25287095,109.7831935,322.1146554,358.342438,99.79477011
29.77679001,72.35046726,106.9236166,135.2009705,66.08203862,78.97270036,138.5425037
70.80767993,108.0515224,117.1865355,106.9238921,105.2034195,137.5725327,175.6394896
82.8496964,107.990019,131.680515,166.3433985,112.7164099,130.6042743,226.733656
103.3287107,109.0987148,126.5536342,121.2518709,117.0630737,147.3424641,164.5205245
77.66751372,105.69201,119.3411713,136.8373914,108.1115674,116.5904738,262.8445157
43.85810503,78.54362029,106.1138215,95.57801689,81.88088207,90.61860484,182.7505946
59.91058965,68.3443512,96.11453005,117.5547358,93.68811444,219.3919362,130.1987674
58.42075526,66.88198172,95.27654782,122.8587625,91.10208727,178.2450179,147.1555174
70.23312686,98.66934475,114.0784822,129.3420245,108.3407817,147.1041915,169.3056814
33.76506847,73.07506809,106.9284109,132.5875272,81.92345715,94.26883728,133.8918607
59.23552543,103.182143,114.3078948,125.0138699,119.374031,161.3919522,174.1087014
87.5801158,108.7948562,124.1157655,137.5662579,126.5939452,167.7666963,140.3369037
43.55547792,71.44909067,86.02324051,103.5589179,90.46192054,71.76192796,136.241541
63.03269683,78.72291208,89.81200804,108.7537958,88.00259115,92.32513127,77.86543709
46.29741321,108.099396,124.2188601,145.7265881,101.7353994,111.798481,132.8285153
21.97951657,101.0259511,112.5719985,124.2325345,84.54341808,62.16377361,208.8712447
32.47884815,76.38189827,88.80554163,120.7715922,80.04675189,69.9862428,93.41297492
75.64189543,91.00224753,110.4780736,121.2161529,117.8369526,208.6448546,137.3856501
92.31357688,107.6238819,135.2049837,133.5667641,130.6466668,169.0530488,172.5309332
41.32792101,104.6872151,124.3214433,146.6814911,91.78936534,94.68506809,160.6265516
55.05545206,59.87394452,70.81776675,88.49416254,83.33962946,67.60148996,316.7977374
80.13237193,94.05613599,124.1900843,133.5602323,119.5313766,137.9265327,174.3688544
58.35678802,92.39338294,104.1582844,131.67839,93.47062169,136.5758409,123.9508489
49.43852404,79.14439223,99.75621577,96.69180388,98.25635396,77.27490383,254.7419011
38.15804585,80.92439767,104.7108322,120.5289826,87.95854538,81.84029203,187.7113293
47.14529899,89.62016007,106.6918559,134.9698548,98.27738768,105.9817509,127.2023328
58.8097713,100.2570117,126.617698,118.894703,123.4327137,119.7257097,109.372823
70.82875984,83.95716914,101.9149781,116.9453856,101.1223768,176.1658008,168.0814035
67.68147413,81.73875014,113.2587602,141.4983751,96.67168439,136.633895,118.2434418
310.0112919,77.42728502,48.30353854,64.51930217,288.2272074,294.0092725,206.6521165
29.82547151,53.01584193,71.67748483,101.6171515,59.45102492,128.0697794,111.5315274
75.16486396,97.7778928,116.9852289,130.8044067,112.4884701,131.7153129,238.2398963
32.79600081,63.68159847,86.56645402,109.4896758,92.45376178,110.6487998,120.8834923
21.27960793,122.3968898,122.6165704,140.9807102,95.14700992,70.86369695,179.1752297
10.94591935,57.48373132,57.001882,73.29960699,50.15492069,66.82087683,92.64398074
102.4556631,115.0352895,134.1190162,125.688922,132.9386141,166.6778045,153.4745329
31.81204848,52.75193938,90.7204775,107.3016015,70.40360501,173.0838599,127.6780922
49.79501214,121.3860336,132.9749454,147.4442465,101.3369315,109.8310586,168.0625921
57.36928207,96.43063989,109.5188579,142.9234766,107.5115594,140.9577303,120.07119
92.84196658,109.6373026,128.5858617,147.2814527,127.6503107,157.1154536,162.9333175
33.64519001,98.01718563,105.5725969,126.5884443,80.82446862,73.60149597,126.3840421
17.02556275,84.47115193,87.21167972,99.97731914,63.01229502,40.26855345,118.895916
36.7212108,91.1420057,97.17846194,117.699353,81.16079102,100.1077736,119.1405974
42.42181482,73.88938929,101.8479439,122.9345815,79.52497465,89.44753292,128.3367304
59.56200083,80.79457881,102.3811162,126.6287123,99.48577994,133.567686,122.4066906
83.11511727,101.6896224,129.9337026,133.5290635,126.6543498,163.6353495,153.8696522
13.15834686,50.12870052,61.36293257,84.48749736,44.21113854,49.73797553,98.59798754
30.04705507,80.90681946,96.11795998,134.4579904,67.30421696,188.8102957,194.5309872
48.60679132,108.2091864,98.66035798,108.4490191,84.45821257,70.82044394,331.6046898
123.0106994,133.6095696,147.8155714,147.8459404,152.6529366,189.9188482,186.876522
94.21836127,115.0942251,136.0303773,157.8292787,132.3162195,170.4868297,179.0005372
61.58906525,66.41104765,98.69143805,124.8246759,89.41033133,167.0186454,123.7099882
56.87519547,95.88238482,91.47836379,120.7853033,89.00156651,80.0200154,375.7919416
65.65876641,126.0395767,134.8230274,164.8940616,117.8412863,133.4573067,153.0619698
63.93959976,81.12864166,92.57773954,116.0693854,93.66812961,102.6844075,94.43478213
66.35230612,87.29313918,105.7642415,119.8797049,98.26006743,114.9680914,81.77742058
54.51366355,73.39072921,79.80993985,100.8129761,77.49312138,82.849236,236.2535185
74.30160418,101.8817608,114.7565752,140.0967721,114.2722199,147.1836618,144.4540782
63.49273763,85.62029545,101.1855588,130.9846679,93.29939534,109.3285633,96.79594401
49.33386678,87.63023636,111.5036673,138.7980304,92.85174396,93.3338876,148.2899635
78.35598649,97.50688362,116.4481597,149.1527439,109.4078332,143.2241786,146.0873885
36.24968157,67.44928934,97.59204029,133.3225236,83.03879942,129.2064502,156.1906477
38.15648011,106.2075725,107.1913953,132.1283705,91.7925805,90.57615247,133.6186828
69.17581379,106.7290721,131.1676872,159.1254019,123.8452681,135.1011479,126.3337818
274.9770434,49.15952537,75.61442794,95.84039129,292.7601544,331.4532546,86.86883631
32.40420301,96.82607114,100.1857525,98.12117562,94.99470957,77.37896085,132.2165925
14.50056853,80.50491575,66.68723791,84.69400767,70.61731748,41.52946581,127.0231233
100.5690687,116.5917386,126.6317159,132.8400965,127.6616322,153.1889847,173.229482
38.14184842,75.00637287,84.15092781,108.2288506,68.88712412,96.61809352,103.0220077
79.91878098,94.83181787,105.4039318,133.992368,97.63059562,125.0285597,115.7383853
34.23540214,73.26527319,103.4162381,135.8943158,82.50514585,80.48337439,139.0941289
101.199822,117.340174,128.6704292,154.6840778,122.3905248,148.7866776,119.1204428
79.48538211,82.90904547,100.9633985,96.58411015,93.37754721,118.2817873,204.931016
44.66940035,70.89214305,96.17120129,119.6313913,84.2449156,80.98995475,199.3572129
81.24491533,106.1101833,124.4116463,123.9043207,116.0053092,133.060581,235.2193458
44.11808533,85.31677825,99.86957535,136.1772148,86.06428884,114.2890214,151.1751028
89.44820086,99.4522211,119.0207061,141.3302688,122.3009374,132.712024,160.8681983
91.60289881,94.7239961,110.4287313,105.5194348,119.5053377,152.7368136,147.9777878
99.62290442,109.4490479,116.0921492,152.6626221,102.5498972,121.5110843,125.6472397
54.57726198,84.71943331,78.80213414,92.53850175,90.03897319,104.303333,151.6672016
72.70887801,119.7729831,126.8615688,135.1558735,114.1583784,144.2072154,222.0575622
42.36037287,71.42352095,115.2069369,129.2615195,90.12459159,92.74158217,137.6582296
35.36353501,76.18271533,96.27102838,128.2540624,86.41130415,84.97718522,110.0791153
81.52681586,124.1735512,124.5425011,134.9092793,126.7842163,151.6236409,171.9155901
64.8495624,79.98031736,99.15829665,108.4645353,109.4408228,135.126549,127.6320645
37.75808711,76.03896792,80.85686792,99.49830475,68.90244397,177.5567754,156.9055478
38.17466866,68.14797739,80.37330781,86.29715045,72.17224743,84.99935696,165.0775453
29.16319495,80.87401045,92.37630214,111.2685562,75.17013711,54.35396358,151.3862363
272.2154466,54.95445927,73.25729872,95.9415958,303.5727434,427.0232686,140.7116138
33.27644358,72.61317565,81.20538686,116.1715238,82.84648858,73.01549976,91.80207192
16.22945855,83.14312776,86.99225386,108.0798363,57.02848319,46.99685567,143.209409
50.64629286,80.53423192,95.1032335,116.5107015,91.15173388,107.4913869,107.9298222
69.08150278,108.0760534,117.395854,142.0687824,105.5217484,137.0078034,137.6616409
24.21115116,65.59587414,90.51434198,102.0105042,102.202262,92.75663663,98.43032033
35.12468621,84.25937931,99.07060993,125.6224068,79.12859397,97.49990738,148.6718265
60.3519673,85.98493422,97.59297176,129.2283701,90.10083245,109.2296899,104.912454
12.51045229,53.40460806,75.13064713,81.8778546,82.36047516,46.4853802,83.63544611
39.23748517,63.11426399,85.41795008,92.01874591,80.98554073,75.65742032,81.50541372
56.10608031,92.43696055,117.7363582,135.4640484,104.4522453,116.4831087,107.9329506
70.63700165,96.01515827,108.1480026,112.6576043,100.9132242,124.968485,122.953544
73.88577409,92.36669455,114.1315715,149.5500676,99.80703182,127.6988509,132.5690843
37.59606528,84.70572706,104.2773995,129.568799,85.68420969,83.72878603,167.1927158
65.28032215,73.43543794,103.7437789,138.0174656,81.06263199,116.7916494,113.4654683
30.65792605,65.51765642,93.51434858,111.9317433,81.41082485,80.85094064,109.4366079
10.2593133,68.32525933,76.50888972,95.24872058,45.00881979,31.62716626,90.43333469
95.11708515,111.169944,125.3921899,142.4726634,124.3372678,158.1947726,195.6549888
49.56639852,95.5389011,114.5394641,118.1842102,86.1611697,104.674695,148.9057552
89.21485184,102.5205488,123.5848365,136.8445524,121.2895424,151.6835739,133.2046481
49.70032542,72.74696261,101.9916968,102.4721359,106.1812906,111.9850278,98.93346419
66.9057114,90.91825081,119.1367936,132.2572131,97.43421923,129.0681434,157.4259834
63.65438674,84.94383306,100.4882916,102.197943,97.05270756,170.5410134,116.8039841
69.23883179,67.63116005,94.19844347,120.7787505,93.09529648,196.9893755,151.4532949
56.09653993,102.8974084,112.6472802,147.3887963,94.74781777,109.6660788,129.0887564
29.59983088,71.08029091,89.61882738,114.5459296,66.10760817,70.56202589,115.6303503
64.52731384,84.48364061,101.5818135,131.3499121,92.95980151,124.0920322,171.6118211
97.35084906,99.8427262,104.4476173,130.3840789,122.6943977,112.3155036,135.391801
86.46047487,108.9360251,131.0590335,150.9677036,127.4552823,150.1087682,153.6569568
50.59402098,75.11973311,114.9802529,128.2309348,95.70602002,109.4682807,95.48261062
93.24901917,97.23696286,114.3339712,93.77763208,120.8603479,143.3545738,185.2295642
67.70542804,97.35719711,110.7571781,128.5115646,111.4681535,113.5790054,112.1460378
96.60618769,115.2859568,123.9351554,146.6333499,123.8580777,193.6610953,137.2110765
100.1730094,121.0166544,129.5421276,141.8261546,145.2267687,190.7289594,185.4332182
43.48110149,106.8409151,123.6103346,133.8590255,99.08257825,91.95513295,150.6038835
64.19217503,93.18930151,109.364526,147.8018631,99.2819086,148.8715486,144.4517274
58.24193877,73.56834815,92.459329,123.6393547,94.30133503,113.5938959,104.1660734
16.27358518,56.53624003,83.27791377,112.6738049,65.84349658,67.07771387,137.3560017
37.33087831,67.39736631,84.67730234,111.541156,70.62659161,154.5242917,120.0314173
104.830651,114.0674153,126.3356648,145.6939258,122.3634914,150.6805572,187.4934834
76.01474337,100.9817903,116.4724404,128.62474,119.8674816,152.7064118,139.8063761
37.57505791,84.05379818,101.1219045,117.6625399,84.28094134,92.09485907,115.8045083
80.70996575,94.11536651,75.98103243,96.49988039,92.67942838,100.3466271,375.1368578
78.39220845,92.659107,108.8469411,141.1553264,106.4534169,114.186704,196.4377606
30.50095836,94.76350147,101.6922534,115.0193045,80.41991583,105.708721,137.6780489
99.66347665,120.9793053,146.8262422,136.4703244,138.9351096,171.9085071,207.3783851
35.41597747,66.84603437,83.49631593,109.8016319,70.15421791,77.96220741,99.50871
34.02080838,44.36614863,93.77027217,95.71972858,90.32130258,111.268783,96.40441517
108.3744684,123.5972053,139.3319177,142.6131022,140.4641028,174.1690457,159.0221599
36.86362571,59.67621996,89.91933539,97.5260543,78.72886202,289.1289163,188.9639582
48.12412371,84.16797222,73.81500349,94.17353171,87.90841126,63.30888076,272.7454764
84.59733957,96.00964296,103.9683921,126.7976631,100.9432973,140.2071159,134.2422869
