Original Image,MBLLEN Applied,GLADNet Applied,Retinexnet Applied,CE Applied,PPRP Applied,PCA Applied
10.25,22.45,12.65,13.69,8,10,11
14.07,13.57,14.42,11.57,13,16,11
17.66,14.52,16.69,19.71,16,20,14
32.98,35.49,34.83,37.82,23,27,26
15.8,20.74,16.51,18.74,15,16,25
47.1,31.13,63.79,28.11,21,32,21
9.36,9.39,8.96,9.8,10,8,11
24.06,32.57,20.26,26.98,20,29,17
16.86,19.47,21.9,12.73,18,12,15
15.55,27.19,17.75,9.51,21,27,16
9.72,12.2,10.16,11.47,16,9,13
7.66,10.43,8.69,8.5,9,8,11
12.62,15.48,12.63,9.57,14,13,20
15.57,20.16,22.9,11.22,14,18,19
27.99,32.07,22.48,30.27,21,40,32
12.2,17,11.7,12.23,18,11,14
16.6,13.25,13.27,8.86,12,9,9
19.11,35.47,36.37,24.58,21,23,29
13.96,13.99,13.88,8.82,10,14,10
14.56,14.04,19.83,16.17,20,23,20
15.61,15.48,17.7,19.56,14,20,20
8.41,17.48,8.84,9.61,11,10,16
10.01,12.98,14.99,14.86,15,22,19
16.11,22.29,23.88,14.21,12,16,17
14.24,16.83,14.92,24.45,24,13,17
16.97,15.38,14.14,11.15,11,12,13
19.77,12.58,20.79,15.78,13,14,17
20.14,39.61,17.62,13.84,23,18,12
10.38,17.61,12.33,9.33,13,11,13
13.57,18.5,22.26,12.97,17,17,22
14.74,26.93,13.29,12.43,16,18,20
14.9,19.56,21.73,13.01,14,19,15
9.26,7.52,10.17,8.57,11,8,13
10.98,30.14,13.07,11.94,13,10,12
25.85,13.87,14.72,14.09,13,16,16
19.82,25.97,31.42,25.21,28,21,29
17.8,12.76,22.47,32.57,20,24,13
16.59,16.65,14.65,18.01,10,16,12
17.86,22.39,16.46,13.6,17,18,20
8.97,21.3,8.26,8.18,10,8,11
14.53,37.17,21.67,14.74,20,14,26
6.63,7.69,6.29,6.53,6,9,9
10.41,9.27,8.63,10.98,8,13,10
23.37,12.08,10.87,8.96,11,20,24
28.09,23.7,15.26,21.98,18,21,15
20.96,17.51,17.95,12.3,11,10,13
8.91,17.53,10.2,9.93,22,15,14
18.13,36.12,16.73,12.56,12,14,11
16.97,16.38,13.63,12.24,16,15,12
14.91,15.4,19.79,17.68,10,16,12
11.54,8.85,12.63,12.35,10,12,15
10.77,19.5,11.62,11.51,10,11,12
19.34,15.86,22.65,18.89,14,9,9
6.98,7.28,8.22,9.98,10,8,10
19.85,14.85,13.58,10.94,11,14,11
10.94,18.55,12.38,19.65,41,15,15
12.69,12.76,14.24,9.98,11,9,9
13.47,18.53,13.55,14.75,13,15,14
8.87,12.79,8.07,7.53,10,13,11
9.07,9.3,9.34,10.21,9,9,13
17.28,14.29,22.11,14.62,25,23,25
6,9.9,7.74,6.34,8,6,9
17.39,14.06,17.41,19.59,14,22,23
29.93,47.32,25.96,20.04,29,22,42
33.83,32.96,16.06,20.16,15,11,63
10.83,17.91,11.27,8.91,11,9,11
20.53,30.27,32.24,13.16,28,38,24
11.93,13.17,12.14,11.71,16,13,16
25.68,35.61,55.01,40.88,17,41,22
17.66,16.21,12.43,11.57,15,17,13
18.56,18.9,12.32,18,14,10,17
20.9,20.86,14.75,12.74,10,18,19
24.05,20.97,29.3,31.33,28,13,23
19.74,19.36,21.68,19.75,22,14,19
25.24,28.11,22.53,24.65,18,20,19
16.65,14.78,15.66,20.59,12,22,15
12.03,17.03,12.32,11.54,13,12,20
8.79,11.07,8.78,9.92,9,9,11
19.16,9.13,16.13,14.78,12,17,11
22.74,19.46,18.7,14.71,20,21,10
12.19,19.32,29.08,20.05,14,25,11
14.33,13.24,15.52,8.76,9,17,9
15.38,23.44,18.2,12.57,14,27,14
9.43,11.76,10.72,10.31,11,11,13
20.54,15.62,14.97,11.57,12,12,11
24.25,11.74,16.28,10.3,15,13,18
14.13,12.46,15.29,10.32,12,13,9
34.46,35.82,39.86,19.93,19,55,24
20.85,28.66,21.04,19.88,14,17,24
9.92,13.64,10.01,9.26,17,11,9
23.56,15.68,17.14,17.69,22,19,19
25,26.92,24.83,23.61,30,12,11
12.72,24.43,21.83,13.78,17,11,35
13.28,16.02,13.11,8.04,12,12,10
15.09,13.06,16.99,7.43,9,10,11
14.68,13.92,13.37,10.28,12,15,8
38.67,28.56,27.92,18.53,28,25,25
30.59,40.57,29.54,22.85,11,18,16
15.62,16.15,20.13,11.37,14,20,25
13.68,13.06,23.76,12.86,15,18,13
29.48,25.21,28.07,20.51,26,16,31
22.36,19.02,33.78,46.55,16,23,25
21.98,34.67,23.12,16.9,17,20,16
20.59,16.1,16.23,8.71,12,15,20
19.53,13.46,16.35,12.42,10,17,16
12.85,12.74,9.1,9.93,11,8,15
15.21,24.55,14.12,9.74,11,14,13
15.7,13.3,15.36,11.47,20,16,10
12.87,20.73,16.39,14.99,15,18,15
10.76,10.72,10.68,11.04,13,15,19
24.31,21.84,23.45,13.69,14,15,19
44.64,23.85,66.94,34.29,18,33,25
52.61,21.65,38.47,30.11,18,39,32
32.16,32.44,35.32,46.88,41,33,24
22.75,13.44,16.26,13.46,12,17,12
14.23,12.21,16.13,16.68,13,20,18
25.94,24.78,31.76,18.23,28,22,19
34.43,49.47,30.51,28.34,15,20,26
19.77,14.71,16.62,18.49,13,16,12
20,15,25,19,30,22,25
16.37,22.85,10.28,10.5,21,15,12
8.95,18.07,8.54,8.42,12,13,17
11.86,15.89,10.55,9.91,13,8,10
12.68,14.22,12.28,13.41,16,12,22
15.36,19.06,16.45,11.02,12,13,22
16.58,16.07,17.05,12.4,17,14,12
20.64,17.46,22.75,18.73,14,15,20
30.08,31.45,38.06,23.32,27,40,21
23.9,26.11,22.83,15.66,10,27,16
9.28,10.82,11.72,8.15,15,8,18
16.9,20.25,29.57,22.9,25,24,22
13.18,24.17,25.8,21.52,15,14,10
14.83,19.02,13.28,13.49,12,13,11
10.91,14.16,10.13,8.77,16,9,10
29.32,39.05,26.14,15.31,10,26,14
16.68,13.69,12.98,14.64,11,12,12
15.52,27.49,23.05,9.59,12,15,24
16.81,14.76,22.78,12.82,16,14,10
25.45,27.09,25.65,24.54,17,18,31
16.63,18.77,17.78,10.25,14,14,19
10.5,13.17,11.35,11.07,8,11,12
19.96,23.81,30.64,37.13,21,19,17
22.28,23.86,20.12,13.43,23,15,23
8.51,7.3,8.45,8.4,9,8,10
17.84,17.26,21.69,24.55,11,19,14
12.1,11.36,13.61,14.84,10,15,17
25.8,33.63,23.7,40.67,28,29,25
17.53,24.51,16.35,10.59,12,10,11
18.18,13.36,17.74,16.78,16,14,12
8.65,12.51,12.04,9.21,15,11,9
24.66,24.55,19.67,21.58,21,26,16
16.71,15.82,16.78,15.6,10,16,14
20.78,17.04,16.92,23.06,15,9,13
8.19,11.88,12.22,7.85,8,7,15
37.36,29.88,33.39,23.84,15,24,16
14.8,15.65,18.41,8.03,9,13,9
19.9,17.76,14.21,15.47,14,12,12
18.56,16.56,20,12.4,11,17,14
9.35,10.19,9.61,9.18,13,9,10
7.99,7.19,7.33,7.69,8,8,9
9.41,12.02,10.4,8.89,9,8,16
16.85,13.8,16.86,13.27,12,10,11
16.47,21.17,17.6,9.65,16,15,16
14.2,26.06,16.63,9.55,15,15,10
10.44,20.48,8.6,10.82,9,10,19
21.64,21.29,19.15,15.73,14,23,16
14.16,13.02,17.85,18.98,13,16,10
11.02,12.8,11.2,9.38,8,10,13
17.99,16.95,12.27,17.42,10,15,15
14.74,15.16,12.75,11.97,10,13,14
14.78,14.57,14.67,18.55,9,14,15
10.93,15.55,15.36,10.6,9,18,24
14.32,15.73,13.36,25.3,15,17,21
7.84,8.17,8.79,8.51,16,10,11
9.56,8.61,10.01,11.25,13,8,9
12.53,20.64,17.5,13.32,8,14,12
66.58,35.67,50.43,21.38,21,15,22
20.31,17.93,29.52,24.58,18,16,20
8.91,15.02,10.2,7.89,8,8,10
11.66,11.1,16.02,13.37,12,12,11
22.99,23.37,13.27,12.35,20,12,13
9.8,13.21,6.96,8.31,10,8,9
10.86,10.68,11.75,8.05,10,14,8
17.01,20.74,14.82,9.7,11,18,14
20.41,19.44,21.89,16.42,16,25,12
18.43,17.43,20.56,21.94,23,22,22
44.37,18.38,26.87,10.88,27,20,18
14.34,15.24,16.49,9.89,11,23,13
10.02,14.32,9.26,10.03,12,10,12
11.34,15.94,26.13,10.69,13,9,17
6.61,6.36,7.16,6.92,9,6,7
16.46,16.98,13.18,8.9,17,13,12
9.23,10.28,9.87,9.28,14,10,9
15.78,14.44,31.09,25.1,29,19,18
14.53,26.73,19.17,31.14,19,14,16
19.44,17.59,22.18,29.85,17,26,25
10.17,14.44,10.9,12.46,16,12,24
18.8,25.66,26.41,14.02,12,11,14
12.11,12.81,10.4,10.96,15,14,15
10.47,14.78,16.65,17.32,12,8,14
16.92,22.19,13.77,12.37,9,12,16
11.53,14.61,13.33,9.45,17,8,9
45.75,32.27,58.39,20.83,29,38,24
9.85,11.97,12.49,11.2,12,11,18
14.12,14.96,13.84,14.38,11,10,16
24.6,33.75,31.86,22.49,39,28,35
23.29,18.7,21.75,20.31,27,18,25
33.11,22.84,39.16,18.22,30,21,22
7.92,13.69,7.21,8.02,10,7,10
19.57,17.74,51.39,25.11,14,30,17
15.42,14.66,11.7,12.43,27,11,13
11.01,10.15,11.35,19.1,13,11,13
17.68,19.25,14.51,12.58,13,15,10
7,8.94,6.33,8,10,7,9
14.99,21.81,19.02,18.82,17,27,16
14.39,14.46,21.89,12.05,11,15,12
20.96,18.64,13.61,17,14,12,17
11.16,25.48,13.1,12.38,23,10,38
34.47,37.89,31.49,21.66,29,37,51
14.06,14.52,12.28,10.97,9,10,10
13.28,10.11,8.84,9.15,14,7,17
16.32,17.98,16.22,15.28,18,10,12
16.52,18.37,17.84,19.08,19,26,13
7.48,8.57,8.15,8.42,6,8,11
7.57,8.38,6.69,7.2,11,6,10
19.91,18.12,19.71,13.61,19,13,21
9.65,17.32,8.44,7.59,10,11,10
14.8,15.56,13.06,15.25,11,11,13
19.32,15.33,14.17,14.76,13,15,15
11.78,12.73,10.97,11.81,11,11,12
15.03,16.25,14.64,12.98,20,14,16
28.23,24.98,17.97,13.23,45,12,17
14.36,16.85,13.81,9.09,10,15,14
11.27,12.1,11.05,8.89,11,8,9
16.13,14.37,20.55,19.37,16,22,13
15.58,13.36,17.95,12.92,13,19,12
26.8,24.52,42.58,31.31,26,35,23
12.51,14.77,13.93,13.58,14,15,13
13.41,13.73,15.76,9.61,7,16,10
19.24,20.21,24.67,21.62,19,27,22
11.66,14.98,14.69,10.32,12,11,25
15.74,16.71,19.56,9.57,13,13,16
21.38,19.22,24.93,15.3,13,28,13
8.21,16.55,9.9,12.12,8,12,9
21.39,19.33,19.92,15.26,16,23,15
20.79,26.02,25.47,17.19,22,22,14
22.12,15.64,26.59,34.6,15,24,31
19.07,17.47,27.12,16.8,14,10,12
15.92,14.01,14.1,10.74,15,19,12
18.29,18.41,16.57,13.26,16,16,20
18.62,14.21,18.61,25.12,17,17,12
19.65,23.18,17.12,10.73,15,14,18
9.92,12.25,10.94,10.07,9,8,11
10.82,19.37,9.94,9.7,19,10,14
10.53,15.7,16.98,9.74,10,13,11
14.78,15.28,15.36,8.94,11,8,8
14.06,21.32,23.38,16.83,11,17,14
16.19,11.45,9.79,11.06,11,13,13
17.59,18.4,22.08,18.36,16,11,18
16.28,11.71,14.42,11.35,14,15,11
9.6,12.03,9.5,10.82,10,13,12
13.95,16.77,60.16,23.04,24,51,33
15.81,23.87,27.6,23.67,24,30,23
22.4,15.91,18.68,12.5,12,18,20
25.77,33.51,16.33,23.48,43,21,40
17.7,23.49,18.94,13.57,11,15,19
14.01,12.71,11.89,10.11,9,9,8
13.79,24.04,12.33,10.88,11,14,9
13.73,13.8,11.65,12.75,13,13,11
26.78,23.87,38.25,16.8,25,23,15
9.17,8.87,12.5,11.21,21,9,8
14.77,19.05,37.72,19.81,39,18,17
24.89,22.42,24.7,17.78,22,23,13
19.58,23.86,28.08,11.95,17,25,21
8.99,14.91,6.48,8.44,10,7,9
17.78,16.59,17.16,20.33,13,10,15
8.76,8.73,10.53,8.87,10,10,11
15.39,12.67,13.36,9.09,13,10,13
14.47,19.58,16.31,10.86,17,11,11
14.61,12.63,13.02,12.4,11,14,12
9.85,9.71,9.48,11.4,16,10,13
20.09,17.44,19.32,16.3,13,17,14
34.36,39,15.42,17.37,21,22,28
18.26,22.16,15.33,11.75,16,15,23
21.99,16.94,12.48,9.54,17,19,10
24.4,17.1,23.4,38.3,18,9,19
16.79,19.46,9.32,12.31,12,10,9
13.29,11.57,14.09,9.57,11,12,10
16.88,17.54,17.4,18.87,22,25,18
26.04,22.63,22.89,17.99,24,17,17
9.32,13.03,8.73,10.16,15,10,12
15.68,12.83,16.75,11.39,10,17,13
21.8,24.76,19.01,29.82,25,21,15
9.57,13.57,10.42,11.97,14,11,12
26.64,23.52,16.94,20.82,15,22,15
17.05,16.13,14.66,20.64,15,16,16
12.5,19.21,15.92,16.05,14,12,15
9.93,22.36,8.87,10.35,8,14,15
12.82,9.33,13.41,9.58,13,15,19
9.23,10.88,9.8,9.29,8,11,13
8.38,9.55,11.47,15.02,9,8,17
27.36,29.15,29.53,23.66,22,36,20
16.19,20.62,22.7,9.62,15,20,10
12.98,14.75,12.74,11.08,13,10,16
15.32,16.48,29.13,37.43,15,22,24
19.41,21.14,11.09,10.94,9,15,10
13.13,10.8,10.8,9.41,10,10,14
33.95,33.19,43.04,18.73,27,17,18
13,14.01,11.59,9.77,9,8,9
19.08,22.08,19.54,16.61,14,17,9
15.28,13.81,16.84,16.73,17,19,13
21.64,21.49,20.49,16.4,23,21,22
19.26,20.16,19.71,19.47,12,16,19
31.88,28.2,41.29,36.27,28,19,28
16.01,15.26,13.7,12.33,11,14,11
13.81,16.21,16.65,16.35,21,13,19
13.08,16.65,10.29,10.76,14,14,15
12.24,27.08,10.72,9.5,12,11,13
27.72,13.78,24.08,41.31,22,21,31
9.93,12.21,10.01,10.85,15,11,11
17.13,10.6,9.82,8.22,9,10,15
24.43,17.46,21.62,15.88,19,14,20
14.66,13.56,22.18,21.79,14,16,19
38.81,43.01,46.89,23.66,20,32,29
25.41,20.44,15.5,23.94,17,20,13
12.5,24.74,10.63,9.97,28,14,9
8.24,15.53,9.54,7.28,7,12,10
26.57,14.92,26.15,21.62,19,19,17
8.52,12.5,11.16,10.22,15,7,10
8.56,18.31,10.96,9.79,10,11,11
26.14,21.66,48.47,16.95,16,22,26
15.78,13.16,12.63,11.65,20,11,13
9.19,9.7,10.37,8.92,11,9,10
19.87,24.36,23.35,14.03,10,14,20
10.28,16.35,9.28,9.14,9,8,8
19.13,28.04,25.9,53.45,27,18,33
13.35,17.6,18.09,13.09,16,22,12
15.82,16.35,15.85,16,13,13,15
14.11,15.54,14.02,12.19,10,17,17
14.91,14.11,14.61,22.07,26,14,26
7.56,9.25,8.57,9.99,14,11,11
15.28,20.09,15.83,11.6,10,14,9
26.95,21.89,22.85,15.02,11,24,16
14.14,12.94,17.24,12.69,15,13,12
19,13.82,23.78,20.29,19,26,17
8.3,12.5,6.6,7.03,8,7,11
14.79,20.73,14,12.01,10,13,13
17.25,18.28,14.99,11.58,11,13,17
14.41,12.22,9.51,12.68,12,9,11
21.62,28.66,14.55,18.28,26,10,12
25.26,27.28,20.24,24.05,36,35,38
14.77,20.85,30.01,9.66,12,18,12
18.08,32.34,31.41,19.8,19,25,24
24.22,18.64,22.76,17,17,18,16
8.43,9.29,9.18,9.25,11,8,8
17.74,23.32,52.05,23.76,27,41,21
11.74,11.09,13.14,9.89,8,8,11
22.17,25.3,35.98,13.35,21,17,18
9.41,10.8,8.76,9.17,14,9,9
17.63,19.27,22.21,18.34,14,26,22
13.46,17.29,14.89,14.97,14,16,15
6.67,8.95,8.91,9.44,21,11,42
14.23,11.71,14.51,10.8,10,10,16
9.54,10.4,10.42,6.64,7,13,9
18.27,17.73,19.36,23.51,15,26,28
9.28,13.45,9.92,9.15,13,10,26
9.05,11.91,8.66,10.01,9,13,10
9.61,13.06,12.07,11.92,17,11,10
19.16,13.65,11.77,9.14,11,14,9
11.29,14.15,11.15,11.65,15,10,11
21.31,22.43,17.82,7.65,10,15,12
13.97,16.34,16.08,17.14,11,19,13
13.78,16.2,11.8,11.45,12,12,9
22.15,20.48,46.06,27.59,42,32,26
29.77,30.57,18.85,30.24,19,50,22
16.93,13.77,18.69,19.26,12,7,10
16.01,16.83,16.08,11.79,16,16,15
19.5,24,15.83,11.58,15,18,16
16.82,26.63,32.38,13.48,18,29,13
15.92,13.72,13.52,15.78,24,14,9
27.35,16.77,13.86,23.76,16,28,17
16.84,16.77,13.15,13.49,13,8,12
10.03,12.42,13.4,12.48,20,13,10
19.57,21.79,15.94,16.03,17,17,9
22.83,16.92,13.79,18.31,16,20,15
26.55,28.32,40.18,71.72,23,40,36
14.73,15.11,15.79,13.66,12,24,13
11.17,17.4,17.03,21.29,18,18,14
16.51,15.11,19.58,25.93,14,20,21
47.12,59.61,41.85,38.38,26,12,48
8.98,20.4,11.27,10.86,12,11,13
14.46,14.46,16.84,15.35,10,14,13
8.98,10.43,9.21,8.96,17,8,12
7.59,10.21,8.96,6.9,9,13,10
16.78,15.8,13.67,19.24,13,18,13
25.1,21.1,26.23,23.6,16,50,15
8.08,12.04,11.93,8.98,12,10,35
14.06,22.75,15.04,9.7,9,23,12
17.1,12.79,11.23,18.33,11,10,12
14.42,19.87,24.03,17.05,11,20,15
12.83,27.72,14.86,13.75,21,23,11
19.77,19.28,18.67,12.06,19,14,17
22.08,24.18,28.04,28.65,18,20,22
14.12,14.87,8.97,9.13,9,12,12
11.21,12.25,13.01,9.55,8,15,9
17.14,12.45,13.91,14.21,23,10,10
12.25,17.18,14.83,9.47,8,17,15
10.82,15.23,17.72,17.92,10,28,13
16.28,17.37,28.37,22.14,13,21,11
17.8,16.18,15.54,10.05,9,18,16
13,30.95,26.76,12.99,15,16,14
21.63,30.31,34.27,21.24,30,25,20
7.28,8.78,7.53,8.59,9,7,10
14.51,19.21,14.38,11.25,9,17,11
10.33,19.18,11.53,12.26,16,17,13
10.9,12.14,10.99,8.61,16,11,13
20.11,19.91,16.14,15.89,18,13,17
15.5,15.85,14.27,13.52,10,15,10
16.07,17.74,18.24,19.07,30,23,21
10.84,11.64,11.53,11.33,10,12,9
8.75,13.01,10.71,7.98,9,10,14
17.84,16.52,13.07,11,11,13,10
9.81,10.1,11.48,11.91,17,11,12
14.9,14.49,18.37,16.45,16,18,11
16.31,17.94,14.63,11.85,10,15,9
13.73,15.76,16.46,12.33,10,15,9
10.52,14.13,13.58,11.92,14,11,10
15.66,17.5,12.21,10.32,10,11,13
12.86,12.29,10.81,8.3,10,12,11
15.15,14.43,14.72,23.98,10,18,13
11.65,12.12,17.49,9.66,11,18,14
20.1,14.49,10.75,10.84,13,14,10
31.41,39.1,36.24,38.99,22,27,14
8.58,12.41,9.02,9.82,9,11,10
13.12,12.21,14.93,13.86,11,15,11
15.28,15.98,20.25,9.22,19,18,12
12.63,11.64,15.45,11.66,15,9,11
33.02,44.93,35.17,23.37,30,30,25
15.65,16.9,23.95,15.27,31,27,16
21.3,16.52,22.85,19.76,12,15,21
9.62,14.99,9.74,8.7,16,9,13
13.37,13,11.91,15.15,11,12,11
8.49,11.61,10.4,9.86,10,9,11
12.48,16.67,17.6,14.25,14,18,16
60.05,52.62,22.29,27.84,33,36,17
10.65,22.85,9.87,9.15,17,13,32
13.14,15.47,20.43,16.83,21,20,14
7.46,11.65,10.84,11.4,9,10,12
13.7,12.82,12.92,11.74,10,14,10
10.89,16.79,12.25,8.04,13,10,22
14.33,14.1,14.14,11.55,12,14,11
17.33,16.15,16.57,23.44,15,20,12
15.47,20.73,14.96,16.91,15,19,14
6.52,9.67,8.18,7.32,8,7,9
18.22,23.07,16.51,9.72,13,20,16
13.81,9.53,12.42,11.5,15,15,8
7.72,12.07,8.71,7.65,10,11,11
20.04,27.56,21.78,34.99,15,14,18
36.6,37.91,20.09,17.02,16,26,15
9.39,10.51,10.77,11.27,14,10,17
28.19,32.23,23.29,23.9,14,31,16
10.87,17.28,12.32,9.06,12,11,11
11.35,14.85,10.36,10.32,19,8,16
16.24,12.02,17.26,17.01,17,14,13
11.64,13.59,12.33,6.33,10,11,9
13.8,17.89,11.58,8.74,8,8,9
15.09,15.18,15.73,9.14,9,18,10
15.26,16.05,15.17,7.94,13,9,8
9.83,12.87,10.2,10.44,16,8,10
17.98,14.61,14.31,13.74,11,14,11
13.05,17.3,26.05,13.98,14,9,13
9.21,10.55,10.4,9.81,9,10,13
12.34,10.19,10.72,8.2,13,9,10
57.47,40.63,28.15,31.16,16,20,30
21.25,15.54,13.24,14.83,13,22,21
8.39,17.76,12.08,6.27,12,9,11
11.16,11.4,10.62,12.59,10,13,23
7.76,12.51,7.43,8.27,11,8,12
18.67,20.24,17.7,21.23,15,16,17
13.54,14.29,16.21,20.85,14,16,23
18.57,15.7,12.5,8.55,12,17,13
16.66,20.16,25.1,17.92,11,14,12
17.76,19.32,18.94,17.94,23,23,13
9.22,24.81,10.56,18.04,19,20,18
8.74,6.68,8.69,10,10,9,8
20.38,18.39,21.99,18.66,12,18,10
12.77,15.02,14.38,13.26,13,11,12
25.04,22.14,22.55,14.94,15,18,17
16.25,13.93,16.2,13.44,10,9,16
22.33,36.41,19.76,14.49,23,12,41
10.41,11.14,18.5,14.12,9,11,15
14.74,13.37,10.25,15.36,22,10,27
24.48,21.54,24.16,20.37,16,12,12
22.03,24.33,16.67,29.05,15,19,19
16.54,17.48,32.31,20.79,19,8,13
15.15,17.5,16.78,15.02,14,21,15
16.28,17.02,19.96,11.8,13,21,14
7.82,9.33,7.88,6.9,14,8,12
12.44,17.38,25.2,16.68,21,19,11
17.33,31.8,25.63,11.04,12,19,14
14.58,14.43,17.97,10.93,13,22,12
8.66,14.59,15.63,10.62,11,9,18
24.2,16.62,15.18,12.91,15,21,11
18.86,21.6,26.48,18.27,29,24,18
12.38,15.32,11.57,12.08,16,13,14
11.09,15.08,13.19,8.06,12,10,13
10.02,13.81,12.73,7.25,7,9,10
25.63,14.84,12.32,16,10,20,20
18.49,16.65,16.76,9.55,13,18,14
11.97,22.92,15.05,10.93,12,13,19
13.27,11.26,10.13,12.55,11,12,19
8.28,17.16,8.67,8.77,9,9,11
21.82,25.78,49.48,23.64,20,21,34
25.5,19.24,21.39,18.4,23,18,18
15,17.76,12.79,10.19,8,19,20
8.74,21.33,12.35,9.36,14,12,11
27.88,21.02,24.23,21.88,19,18,11
22.98,23.23,16.86,14.31,16,17,16
11.76,13.31,11.4,9.53,18,11,11
19.46,20.37,14.55,18.96,35,27,11
8.5,12.11,8.52,9.76,11,9,23
19.16,15.58,19.01,24.56,16,12,28
17.11,14.8,14.42,11.49,7,11,15
9.63,12.6,11.71,9.17,10,8,11
11.23,11.19,14.33,13.4,7,9,14
14.82,19.98,15.82,10.19,11,11,10
20.08,17.74,19.01,19.12,15,20,12
13.25,18.84,18.31,11.64,10,15,10
16.5,22.41,18.23,11.74,9,17,9
21.2,15.17,17.8,14.55,14,16,21
16.51,13.42,14.04,13.52,12,16,13
20.02,21.19,17.81,16.91,18,18,14
15.34,14.17,13.95,12.91,11,16,15
12.55,17.96,14.62,15.47,18,19,20
8.55,11.13,7.14,8.7,9,11,10
26.74,22.61,23.67,22.09,11,12,11
20,15,25,19,30,22,25
10.28,18.02,11.07,11.31,16,13,12
15.4,24.85,35.66,24.55,34,37,28
16.05,12.83,16.4,8.16,10,9,11
19.44,15.53,14.77,11.96,23,16,20
20.42,19.79,21.98,26.96,22,17,14
15.31,15.51,12.49,11.63,13,15,12
14.97,50.8,23.8,14.24,19,14,11
8.97,12.99,12.54,8.75,15,15,9
14.71,13.88,14.56,10.23,8,22,10
19.21,31.45,22.6,15.58,12,20,11
16.47,16.95,41.58,19.68,18,25,16
18.08,20.76,18.52,22.09,16,25,27
8.13,8.12,9.88,13.9,11,9,13
15.36,18.25,15.87,8.62,10,15,10
18.28,28.06,20.57,14.8,14,14,16
9.7,10.32,9.78,12.19,11,11,13
19.83,22.38,18.57,14.08,10,19,14
19.63,14.87,29.01,17.94,12,19,13
13.29,14.89,12.72,12.3,14,14,20
12.56,27.44,15.27,12.12,17,14,17
18.74,14.89,17.66,15.61,17,16,17
7.35,10.89,9.23,10.42,17,8,16
13.69,24.31,26.81,32.5,23,11,27
11.57,13.51,13.76,13.99,15,12,21
13.54,13.55,18.92,9.65,10,15,18
8.22,8.9,9.99,11.47,12,8,11
16.83,24.15,27.4,22.05,14,10,32
10.08,12.3,10.84,8.69,10,9,11
18.05,20.3,14.14,17.76,27,10,16
18.05,17.57,14.34,21.86,14,12,20
17.03,17.46,14.69,18.86,17,12,14
44.15,32.12,66.92,79.2,34,36,17
10.69,11.57,10.72,10.17,13,8,9
17.93,19.19,21.29,29.93,22,27,15
8.21,13.43,11.53,9.27,10,10,12
9.72,19.58,9.21,8.68,9,8,9
21.71,36.44,34.32,19.46,12,21,23
7.83,13.73,8.23,9.31,9,7,13
20.14,17.83,15.31,12.85,13,10,9
41.18,30.05,20.19,25.81,17,21,16
14.41,13.42,12.82,13.41,13,10,22
16.62,15.02,18.27,22.53,17,18,25
18.55,14.36,25.34,23.53,21,9,18
9.84,13.16,12.1,10.48,14,13,11
16.95,21.51,19.89,15.15,27,17,12
17.62,19.29,19.21,16.29,11,28,12
18.57,17.04,13.88,11.32,12,16,16
12.76,16.2,15.99,11.09,13,10,12
9.42,9.22,8.56,9.39,15,9,18
10.14,10.33,10.38,9.14,10,8,9
24.01,33.87,29.48,21.46,21,23,22
14.99,15,14.38,13.95,14,13,14
19.94,14.24,28.16,17.93,14,17,16
10.76,10.38,9.85,10.53,13,10,12
19.15,22.03,31.74,17.6,16,13,18
16.43,16.97,16.27,17.5,16,16,19
14.94,14.35,12.61,14.29,11,11,14
9.86,11.98,10.01,11.34,14,8,15
15.1,13.33,21.12,16.89,9,11,11
9.13,11.64,9.84,10.29,10,8,12
18.45,16.52,17.66,19.17,12,14,14
8.13,8.01,7.97,10.02,9,8,9
19.95,13.9,13.43,14.23,10,13,10
13.62,27.14,24.01,18.02,21,14,25
18.26,11.78,15.03,11.78,11,18,18
16.84,17.06,13.11,11.92,12,15,12
14.34,12.82,18.99,19.06,17,19,14
32.91,23.7,21.27,26.93,19,27,21
17.05,20.14,22.64,17.54,18,20,15
23.59,18.02,27.43,28.73,13,30,14
18.53,19.88,13.39,7.3,15,17,10
24.14,20.55,18.81,20.96,17,17,20
16.48,21.76,23.02,10.47,12,18,18
6.31,9.38,7.8,6.68,10,8,11
14.3,14.25,13.83,15.27,11,14,10
13.87,17.32,18.95,10.31,11,16,14
14.98,14.65,25.17,12.97,13,12,16
15.3,14.84,13.73,10.89,8,15,13
30.25,19.62,22.93,20.61,30,28,16
21,19.28,21.95,32.23,23,13,21
16.14,15.31,12.28,9.32,11,19,13
18.75,22.57,14.54,18.76,12,13,15
16,18.23,14.73,11.73,14,13,15
9.24,10.41,8.99,9.75,12,9,24
23.8,19.27,15.69,11.72,19,10,11
16.84,13.96,23.76,15.21,11,18,12
17.5,13.62,15.53,14.26,13,11,12
13.9,22.82,12.52,9.4,16,14,17
28.72,25.93,25.59,18.52,23,18,30
7.83,7.86,7.59,9.58,9,9,12
15.02,16.21,17.37,11.18,21,22,10
31.44,22.83,20.21,10.77,18,18,17
11.46,11.69,14.45,13.15,13,11,12
86.25,40.94,63.16,22.89,31,42,31
15.68,13.51,14.3,12.18,12,16,12
23.05,18.58,17.3,16.55,24,19,21
28.48,25.42,12.52,12.43,26,13,21
14.23,13.46,23.9,17.24,9,24,13
10.7,14.61,14.39,13.35,9,24,8
10.42,15.27,11.14,10.62,9,24,10
15.46,24.69,15.92,12.29,12,20,22
17.93,13.2,15.58,18.92,11,16,11
23.93,25.37,17.87,14.07,14,18,20
14.59,16.36,16.39,14.87,15,14,16
13.89,14.26,12.68,13.79,11,13,14
14.84,13.3,18.79,11.24,10,14,13
8.61,11.75,10.17,8.54,12,8,22
10.5,12.6,9.61,8.31,10,10,10
8.07,8.37,9.26,9.8,19,8,9
18.57,14.3,23.78,14.87,10,13,14
12.22,23.12,13.53,10.47,15,16,20
11.17,10.94,11.28,13.74,12,10,16
21.21,18.43,21.1,21.57,15,19,14
9.3,16.46,11.11,7.83,7,10,12
9.25,8.94,8.7,7.7,13,9,10
24.66,21.61,21.95,17.18,21,20,17
17.12,18.47,18.51,9.52,13,17,22
13.84,13.03,14.23,16.87,13,8,13
8.87,14.64,18.24,8.08,8,18,8
10.58,11.34,13.23,13.07,19,12,14
25.53,18.39,19.32,12.78,14,14,9
8.77,9.88,9.3,7.81,11,8,12
15.69,16.37,15.01,13.59,11,14,14
8.55,12.51,8.52,7.71,9,11,8
23.9,16.42,16.43,12.87,22,22,12
12.91,15.8,13.75,16.58,19,20,11
7.47,7.19,7.1,8.72,10,8,9
13.53,22.05,18.01,18.77,14,18,13
15.69,14.15,14.81,14.44,22,19,12
8.3,12.31,10.21,9.79,11,12,10
15.56,15.32,15.26,9.04,9,20,15
20.77,23.28,26.24,21.46,13,19,24
48.43,32.94,27.99,54.16,31,29,29
11.27,11.37,11.88,13.6,13,13,12
14.83,20.91,19.19,12.24,10,18,12
18.1,23.08,16.34,10.46,10,18,16
12.64,14.09,14.35,9.52,12,16,9
14.23,12.65,8.1,13.33,17,11,9
12.2,16.41,14.12,23.69,16,15,12
16.76,16.18,19.51,16.16,13,9,18
18.38,23.34,15.58,15.6,11,16,15
18.89,20.03,20.52,18.33,18,14,15
19.31,12.29,10,16.66,16,13,36
13.44,13.77,18.47,19.25,15,11,12
13.45,13.12,17.75,16.97,18,13,11
13,15.69,12.54,11.47,10,9,9
15.27,16.03,18.29,8.53,18,15,8
16.73,16.64,19.04,22.08,19,12,14
15.84,13.85,11.92,9.23,12,7,9
15.52,19.3,21.18,22.67,15,31,30
8.86,14.63,13.04,10.59,8,10,17
17.95,16.26,14.76,12.91,13,14,13
27.21,24.19,16.84,13.31,20,14,17
15.89,19.81,20.08,16.23,12,18,18
20.15,15.57,15.86,15.6,13,10,10
12.73,16.54,13.4,15.57,18,14,15
16.06,17.15,13.6,12.9,14,15,15
11.56,12.34,11.86,10.23,12,10,12
14.68,14.94,19.58,15.86,15,13,13
17.2,24.31,21.96,23.09,13,24,16
13.24,18.31,14.2,15.09,27,27,43
10.51,19.26,11.54,8.93,17,13,23
20.29,21.54,19.41,14.95,22,25,37
13.05,16.83,14.52,17.16,16,13,14
12.01,11.42,11.17,13.94,9,11,18
15.94,17.43,19.64,22.13,11,23,17
14.88,17.89,13,12.94,15,20,14
7,6.72,5.44,6.44,7,5,7
14.01,11.17,15.45,20.13,14,11,13
18.26,19.7,17.69,13.52,13,14,10
15.19,34.28,23.57,15.33,27,25,28
12.91,13.12,18.11,10.99,10,14,14
18.2,20.65,24.24,22.95,17,14,20
8.36,9.69,9.87,6.91,9,11,10
19.2,32.98,19.51,13.72,48,11,15
17.29,16.29,13.95,12.04,10,17,13
14.36,46.08,13.1,20.69,14,21,49
11.95,16.14,10.7,11.15,13,11,15
15.78,16.73,14.86,12.93,10,14,15
13.69,15.24,15.31,13.65,19,35,10
21.18,27.55,38.84,25.18,11,21,19
11.75,13.79,25.95,17.78,23,13,27
17.22,51.44,19.36,24.84,15,13,18
10.75,7.73,7.06,12.08,15,8,10
50.35,72.34,48.42,26.72,41,22,16
13.04,9.49,12.3,14.61,16,15,11
50.24,27.8,68.96,76.17,27,38,40
16.98,19.74,14.97,17.38,22,14,19
9.75,9.88,11.03,10.54,12,9,9
17.94,26.79,23.12,19.16,12,20,19
13.61,11.64,17.42,11.32,13,7,13
12.45,15,12.54,12.96,13,15,10
16.4,14.4,18.14,16.77,14,10,12
18.87,25.06,41.01,33.45,24,41,21
29,37.6,20.68,22.71,22,29,18
7.09,9.13,7.03,7.3,9,6,8
24.32,25.45,24.12,11.81,14,23,21
17.73,17.16,15.56,20.3,17,15,13
19.8,15.37,14.66,13.77,13,18,12
8.2,10.04,8.09,8.43,14,8,11
15.58,16.37,20.12,9.83,13,17,15
38.05,37.81,32.12,26.51,25,40,17
16.83,22.98,12.36,9.3,14,10,13
14.85,15.48,16.38,17.63,15,13,13
10.98,13.92,11.28,9.75,11,10,17
17.53,19.94,15.01,13.13,12,15,11
9.32,11.1,9.72,7.87,9,8,10
9.13,9.77,8.65,9.59,17,11,11
11.49,15.04,12.2,13.08,13,16,16
18.64,10.13,9.58,10,15,13,17
14.05,14.51,14.17,13.85,14,19,14
17.52,18.93,13.12,9.79,11,17,17
9.97,9.88,8.1,7.93,10,10,12
9.57,14.82,13.48,13.63,11,10,15
10.47,9.72,9.03,12.36,15,10,11
10.92,17.64,14.15,10.5,14,14,12
26.7,28.39,34.08,25.9,22,21,17
21.03,14.11,12.19,12.47,14,12,16
10.94,10.37,12.05,14.65,14,12,10
16.08,18.21,18.46,17.81,15,19,14
16.3,18.66,19.08,12.87,13,12,13
20.13,16.36,26.77,22.28,25,26,22
7.22,9.45,7.16,6.71,8,8,10
25.12,19.21,22.79,19.7,15,26,17
18.68,38.25,17.37,40.16,12,31,26
20.92,19.73,15.84,15.62,16,8,10
20.06,24.22,28.09,36.51,23,31,39
9.38,14.44,11.57,9.71,16,9,13
15.09,14.14,21.99,22.56,25,15,16
6.2,13.72,12.18,7.22,10,10,9
33.74,54.83,43.01,22.2,22,28,20
16.03,16.66,15.13,12.41,13,10,16
72.71,43.97,104.41,45.97,35,33,24
23.34,18.34,19.44,17.01,12,13,12
11.8,12.63,17.67,11.01,10,12,9
25.63,15.78,20.96,15.08,17,22,22
15.85,13.93,14.99,15.81,14,18,13
10.4,12.67,13.07,9.35,10,10,22
15.13,14.23,10.22,15.1,9,10,13
10.32,24.4,12.45,10.97,24,12,9
6.73,9.48,7.85,9.69,22,7,8
12.45,12.41,15.21,10.39,10,16,13
24.58,23.98,25.78,23.37,24,21,26
15.62,17.94,14.69,21.91,16,12,12
15.51,13.43,15.51,10.95,12,20,14
21.79,21.97,17.89,15.29,13,17,12
16.92,24,16.15,14.13,18,16,35
14.15,13.7,13.37,13.08,10,13,15
9.69,10.4,8.98,10.34,7,7,11
14.77,17,17,9.96,12,26,20
13.09,13.87,32.4,22.05,10,18,16
16.92,17.29,15.73,13.34,13,17,10
27.37,28.26,29.98,20.69,15,22,43
20.68,19.42,13.65,16.94,13,17,12
14.4,15.51,14.3,21.06,14,10,16
22.65,19.37,14.1,21.63,14,27,45
25.13,15.66,15.63,21.94,12,19,17
19.18,21.59,20.54,14.7,21,20,14
14.98,14.57,13.16,22.92,23,15,28
14.93,15.23,19.02,17.32,18,20,13
18.23,18.42,18.3,18.65,13,18,10
11.98,11.45,10.8,12.44,10,11,10
21.18,26.24,14.08,19.75,12,10,13
20.69,20.87,23.45,28.84,14,20,16
13.65,11.72,10.36,7.69,8,15,10
23.02,26.87,30.61,27.82,25,31,30
12.7,14.66,21.16,8.39,17,18,17
25.4,26.04,27.74,27.06,17,21,19
15.08,14.41,13.8,12.94,25,16,11
18.87,22.19,22.74,24.95,33,21,21
15.56,14.22,15.75,24.25,21,14,16
25.33,25.78,18.45,24.66,16,22,30
49.96,30.39,28.15,20.11,35,30,28
19.54,17.74,13.42,9.57,15,18,14
19.55,18.15,24.79,19.44,18,30,14
20.29,25.69,38.73,26.58,16,24,16
15.99,15.44,18.83,18.36,17,16,9
31.72,21.69,15.5,19.42,20,18,22
11.46,8.43,12.84,15.41,13,11,11
14.96,13.49,12.77,13.51,16,11,12
12.51,16.34,11.01,16.43,16,15,34
18,16.28,17.55,11.83,13,17,11
34.73,35.93,21.67,19.07,13,34,17
13.72,13.74,14.72,9.74,12,14,11
7.41,14.25,9.43,8.1,13,8,10
19.94,12.55,21.47,21.44,18,10,12
46.91,30.06,36.54,15.41,16,21,36
15.42,19.52,11.63,11.7,11,11,10
11.65,19.85,13.64,9.44,9,13,12
11.06,10.38,16.15,13.34,14,10,13
19.05,19.25,22.6,20.23,14,24,13
22.52,19.47,30.78,9.43,10,22,17
13.79,17.09,13.4,10.79,11,13,18
14.27,16.9,21.88,12.52,10,28,16
14.66,18.33,14.68,9.54,9,18,10
18.89,18.91,26.27,16.75,17,37,17
17.48,12.57,16.42,13.52,9,15,17
13.47,12.77,15.89,10.62,15,15,13
18.47,15.46,17.32,14.25,12,13,10
43.69,35.69,31.99,27.73,24,49,23
21.49,14.85,19.34,13.19,10,12,13
28.66,24.9,25.02,31.81,25,20,20
13.55,11.95,14.17,9.17,9,13,9
9.54,13.06,14.37,13.12,15,17,13
16.68,16.11,16.69,11.83,11,16,13
7.76,12.25,8.52,8.25,16,11,12
16.21,16.63,31.58,29.52,25,17,22
14.45,16.29,30.15,22.81,17,16,32
17.36,15.71,18.67,16.97,18,19,13
14.5,10.6,12.58,19.8,9,10,21
9.17,15.44,9.82,10.86,31,10,11
16.52,16.65,14.73,12.47,13,14,14
8.16,11.59,12.37,9.57,9,11,11
9.62,15.94,10.46,11.3,9,10,14
14.71,15.77,21.18,10,16,20,19
20.95,28.55,26.89,23.73,17,36,16
23.85,24.6,19.44,20.55,21,13,17
9.6,13.88,10.07,10.94,34,18,14
13.26,13.19,13.9,9.33,9,12,14
34.41,50.07,36.87,24.44,24,40,41
13.72,15.2,10.43,7.59,11,11,11
10.11,12.14,10.04,8.6,17,14,12
16.94,16.48,18.6,26.25,18,20,39
9.05,13.1,9.83,9.6,11,10,31
13.78,15.04,16.54,13.78,17,17,12
13.36,18.04,10.7,10.96,22,10,10
14.57,13.76,9.6,14.69,12,11,17
12.5,12.67,16.65,9.04,13,18,11
19.26,17.45,17.02,15.3,11,11,11
16.51,15.31,17.95,10.04,13,22,24
18.85,21.98,17.39,13.54,10,27,10
15.41,16.56,15.3,10.42,11,11,12
26.35,21.5,16.87,9.59,22,10,11
18.56,13.04,10.86,9.75,10,8,10
15.64,15.39,17.19,10.21,12,10,12
10.36,11.06,12.51,12.73,14,13,13
10.66,11.09,10.68,10.24,11,9,13
16.7,12.36,19.59,13.69,16,15,19
25.32,13.37,19.31,17.72,21,24,12
12.4,14.42,14.57,16.71,17,15,26
19.01,24,27.22,78.64,27,15,19
17.14,16.43,17.53,21.32,13,20,15
13.01,12.9,12.92,12.68,9,12,9
12.3,14.22,11.15,11.2,12,9,12
19.7,16.52,15.14,12.82,12,15,18
26.88,20.15,20.64,59.52,21,20,17
17.55,15.22,18.36,13.95,15,19,15
19.33,16.35,32.77,22.65,19,18,36
9.09,12.1,6.63,9.1,7,7,10
18.95,21.68,16.43,13.47,9,15,9
15.92,13.33,18.75,16.81,13,16,16
9.58,13.24,9.54,8.58,10,8,8
9.51,10.55,9.71,10.77,15,8,10
15.9,15.46,16.3,18.28,11,20,11
9.84,14.1,9.76,9.82,15,11,11
22.8,23.49,17.56,27.05,22,24,27
15.96,17.51,17.69,11.43,28,13,14
13.06,14.58,16.5,19.34,14,17,9
24.04,19.92,24.39,18.19,17,18,15
16.44,17.38,18.51,18.73,18,23,14
17.01,20.12,15.79,22.24,16,12,12
15.36,15.18,12.81,15.02,14,16,19
19.13,11.4,10.85,9.83,15,12,15
7.15,9.2,7,7.34,12,7,10
14.86,19.19,15.58,10.79,18,9,15
33.39,20.54,30.43,22.5,19,28,16
16.54,15.62,15.74,17.94,10,10,13
12.71,17.9,11.68,9.21,9,16,14
20.36,16.34,18.02,12.15,14,26,11
20.37,19.63,32.77,19.05,18,22,14
8.92,11.82,9.95,11.64,12,9,12
24.54,14.8,15.47,15.82,13,13,14
11.23,13,11.18,11.57,13,14,8
12.66,14.14,19.46,21.75,15,16,13
15.11,15.5,16.34,14.2,14,22,18
18.32,17.32,18.56,20.68,13,17,12
12.8,12.8,12.64,8.62,11,13,12
14.63,15.3,15.48,16.39,12,14,11
14.79,13.4,19.43,33.8,13,11,22
19.15,19.9,26.03,21.3,23,31,19
13.39,18.15,15.05,12.66,12,9,20
11.01,16.65,14.73,8.16,11,8,14
21.07,16.87,28.28,22.62,18,18,19
23.05,33.95,61.62,23.78,54,14,17
22.14,13.6,19.02,21.38,21,22,9
39.34,44.29,35.37,46.16,38,41,21
23.99,20.34,24,13.63,29,24,14
15.51,13.7,17.9,17.5,11,9,14
9.51,8.03,8.99,9.74,15,10,11
20,15,25,19,30,22,25
22.53,31.62,32.12,22.94,13,21,14
15.29,16.97,16.75,17.84,21,12,15
7.95,7.34,10.54,11.06,15,10,13
16.99,14.5,15.18,15.78,10,10,8
8.56,8.45,11.54,10.29,11,12,9
16.11,14.37,18.44,11.76,11,18,12
30.66,13.2,11.98,18.5,16,13,18
15.34,15.6,19.12,9.92,19,11,14
9.01,20.15,18.94,8.35,12,18,11
9.44,11.02,9.16,9.74,20,8,10
17.97,26.08,16.82,11.63,12,18,16
24.28,18.47,25.32,27.28,27,19,28
16.34,15.76,17.84,15.68,20,18,9
8.39,9.91,8.23,8.49,13,7,11
15.38,15.06,12.83,12.38,13,14,11
16.31,16.49,16.75,23.05,16,13,13
17.54,18.58,14.65,23.48,18,19,16
23.64,19.2,25.81,35.65,23,33,22
13.33,18.01,44.78,16.8,15,17,25
28.65,39.22,84,43.34,28,39,20
8.69,29.86,15.58,9.39,11,13,10
13.34,13.84,15.45,12.32,12,15,13
15.09,16.45,21.02,21.06,28,19,21
28.3,25.48,14.76,12.85,28,22,30
21.79,24.76,19.2,17.71,20,10,13
27.49,26.21,22.62,14.07,21,27,15
23.07,28.58,24.17,24.94,15,24,14
8.66,8.99,9.13,8.81,8,9,8
20,15,25,19,30,22,25
46.59,25.14,23.05,15.27,10,20,31
9.74,9.53,12.53,11.41,18,12,13
15.04,16.21,18.39,13.92,14,13,10
9.08,9.67,9.95,9.92,12,11,11
11.05,16.01,9.12,9.49,11,11,13
19.36,15.96,25.91,23.74,17,27,13
11.56,12.1,14.19,10.59,9,8,10
13.73,17.7,16.33,9.64,9,17,13
12,17.62,17.09,11.27,12,17,14
11.98,15.3,15.08,15.94,18,11,13
9.27,15.41,10.03,9.56,9,10,16
22.3,14.9,13.41,10.3,17,15,14
12.28,14.69,10,15.77,16,9,15
19.13,16.07,28.43,20.21,20,14,20
13.83,14.33,18.58,11.6,11,17,14
13.26,19.6,11.29,10.17,24,13,10
12.26,13.43,15.83,13.31,9,15,9
10.83,32.2,18.41,23.4,13,12,12
22.37,51.48,27.91,8.64,20,22,10
17.88,18.11,14.93,13.69,23,16,16
15.29,14.73,13.96,11.73,11,16,14
18.19,22.74,20.29,10.83,16,13,14
55.82,43.3,42.78,24.88,18,20,14
15.16,15.59,24.17,14.35,10,19,13
16.21,13.48,11.49,11.45,11,9,11
14.05,15.35,13.6,11.22,11,10,15
25.13,22.22,13.83,14.72,15,29,17
7.42,9.86,8.72,7.96,9,9,11
9.08,10.2,9.38,13.22,9,10,10
24.03,16.64,24.1,17.59,19,19,18
19.6,31.94,15.99,19.64,19,15,19
13.82,24.12,15.33,13.3,13,25,10
18.04,17.63,20.55,18.36,20,22,12
9.35,14.49,8.62,9.63,17,10,13
7.06,7.59,6.99,7.38,10,6,10
7.63,15.51,8.35,7.47,10,7,9
26.88,20.52,39.57,36.72,18,8,18
11.99,14.93,12.91,12.71,24,11,18
32.23,25.07,32.53,26.63,25,21,25
8.89,24.17,12.61,9.87,12,9,10
9.37,10.74,11.89,9.87,12,20,18
10.66,15.42,9.79,9.71,20,10,12
14.16,17.91,13.85,10.79,18,13,17
15.59,15.72,15.66,11.41,12,14,16
9.53,9.74,9.58,8.77,10,7,9
18.75,29.36,20.08,19.73,25,22,19
24.59,34.33,22.42,49.22,16,15,17
16.34,14.93,23.65,18.19,16,14,14
17.36,16.93,23.45,18.28,12,17,12
26.24,23.49,17.9,15.98,22,18,23
31.16,72.85,25.49,24.22,30,28,17
9.81,8.04,12.22,14.06,27,17,40
13.35,13.17,28.19,15.61,18,9,14
23.68,50.39,58.18,13.18,16,20,18
9.44,7,8.71,13.22,10,8,10
33.08,14.7,28.16,49.59,17,32,35
20.54,15.8,22.09,14.16,14,21,17
8.07,11.37,9.7,8.6,17,10,11
21.37,19.93,29.6,25.78,22,20,17
20.27,26.15,23.24,49.11,24,22,24
17.67,24.38,20.05,7.89,13,21,10
17.66,15.12,10.8,14.73,11,7,12
23.72,27.28,32.34,17.91,15,32,19
17.26,19.16,18.14,27.96,11,20,15
24.43,21.93,20.64,23.69,12,17,25
14.34,21.07,17.47,8.26,8,15,9
21.34,21.09,25.12,8.3,11,56,58
16.51,13.86,13.57,9.91,11,14,11
7.03,7.52,8.94,13.27,16,11,13
25.38,32.92,39.24,27.15,23,23,16
26.48,20.32,33.31,51.37,14,31,28
11.09,15.82,10.7,15.78,16,13,27
78.42,51.09,45.52,18.55,27,36,25
20.39,40.45,46.76,29,15,22,13
10.03,19.97,9.47,10.96,13,13,15
14.1,16.62,12.5,24.24,20,28,19
19.18,20.85,15.23,16.41,22,37,17
8.94,8.9,9.06,9.78,11,9,11
9.94,12.08,10.6,10.39,15,10,13
14.82,15.65,12.38,13.23,9,10,10
12.12,11.44,11.11,7.76,9,9,9
12.54,16.37,10.62,9.79,11,14,12
14.58,17.2,18.85,7.75,12,18,10
19.38,25.4,17.47,11.75,11,12,25
22.32,42.08,31.68,22.95,21,28,19
14.64,17.55,14.75,13.24,13,13,13
18.8,20.26,21.69,18.02,20,17,13
17.76,16.42,19.24,24.84,12,14,18
16.58,17.69,18.12,15.7,10,18,11
6.83,8.68,9.78,7.64,8,8,9
6.62,5.79,8.19,9.25,9,8,8
15.34,15.46,16.32,7.51,8,16,16
14.1,15.3,16.03,12.18,9,11,13
13.94,16.09,16.45,14.08,14,9,12
18.4,15.87,19.99,16.48,12,19,11
15.14,32.44,14.61,11.98,14,13,29
22.91,24.42,28.05,26.42,13,13,19
18.81,14.03,13.26,10.47,12,13,11
17.89,16.61,18.36,24.44,22,20,15
17.07,18.78,14.16,10.68,12,14,14
10.93,14.48,9.36,11.67,13,13,23
17.05,12.75,16.62,10.74,12,10,13
23.28,15.46,19.18,14.8,25,23,15
18.88,19.32,16.85,13.84,31,19,21
18.85,19.3,16.17,14.14,16,16,16
16.4,16.65,16.17,14.12,14,18,17
16.18,15.68,15.98,14.44,12,15,16
25.48,47.56,22.48,24.7,16,38,21
16.12,16.88,21.36,14.86,14,22,22
13.52,13.19,15.35,15.56,14,15,12
23.83,16.39,18.45,19.26,23,23,18
37,41.02,33.66,31.51,23,19,19
13.6,15.31,10.09,14.24,10,10,15
9.12,16.22,10.26,8.24,13,11,12
14.02,14.19,13.53,18.93,14,19,12
13.68,15.62,16.51,11.58,9,12,11
22.14,18.83,18.85,22.69,19,19,17
8.83,11.63,13.93,7.57,8,11,11
58.9,29.63,40.01,54.49,26,24,25
16.32,16.35,14.63,12.42,18,17,10
8.14,6.2,8.36,8.49,15,8,9
13.17,13.04,13.33,7.92,10,15,10
28.97,31.7,37.64,31.85,15,54,28
9.8,7.98,8.39,11.24,9,10,9
14.34,16.79,17.35,7.65,9,15,17
12.46,15.22,14.53,8.82,12,12,9
24.59,30.5,17.22,10.02,22,10,21
15.29,14.35,13.51,13.18,15,10,14
9.92,11.34,10.96,8.64,14,8,9
15.75,16.71,14.48,12.07,11,13,15
15.1,18.02,24.26,39.15,15,20,24
9.75,5.78,9.24,11.7,12,9,10
19.25,26.06,23.12,26.24,18,25,22
32.28,23.52,33.49,20.94,24,18,27
26.86,35.14,38.72,31.52,25,11,14
22.64,19.87,21.88,22.76,27,23,21
10.9,15.46,13.38,10.36,13,9,9
20.57,20.19,19.22,20.12,12,8,23
13.15,13.28,8.61,10.44,10,10,13
18.62,28.41,17.67,19.89,13,16,17
14.33,13.79,12.99,11.13,10,12,13
12.77,15.83,11.47,10.19,8,10,11
17.31,31.19,18.92,20.67,23,23,11
16.62,22.18,27.96,21.49,16,11,18
15.81,17.05,20.16,12.48,11,8,12
13.67,13.99,14.49,10.45,14,19,13
14.61,25.23,17.01,15.79,14,16,11
9.76,15.2,12.36,10.42,12,7,25
10.08,18.14,10.43,13.03,23,10,19
21.39,22.21,18.99,11.04,9,17,12
28.52,21.85,16.07,13.29,18,9,22
58.24,66.15,29.03,20.18,16,29,15
11.55,31.18,19.24,10.63,17,13,15
11.77,13.92,10.05,11.63,8,8,15
9.97,13.4,9.82,11.03,15,9,14
20.35,24.94,26.32,22.84,11,24,15
5.64,8.34,7.11,7.1,10,9,8
40.61,44.26,40.32,42.09,29,47,28
20.66,14.22,15.81,25.14,11,16,14
13.98,14.65,19.6,14.07,9,17,13
14.21,15.08,15.06,14.68,12,15,11
15.4,15.21,17.11,11.61,13,17,17
25.25,19.91,18.69,11.03,14,15,15
12.51,10.99,13.93,15.15,11,17,10
8.5,8.39,7.95,9.73,9,9,10
10.13,10.6,10.42,9.68,9,9,10
15.47,16.32,21.35,15.12,13,9,17
21.54,21.57,20.87,18.83,16,17,28
24.6,27.14,17.52,24.07,16,21,13
13.12,11.48,12,11.37,9,14,11
16.41,13.75,18.42,13.26,12,17,10
30.32,30.91,25.86,21.51,23,15,27
24.27,38.52,25.75,23.13,29,21,31
20.63,12.66,12.76,13.45,15,17,14
15.61,20.01,17.38,16.95,24,25,21
7.37,7.44,6.87,7.8,10,8,10
9.73,9.36,12.37,11.51,16,10,10
17.14,16.57,17.19,19.35,21,12,20
26.2,23.47,20.2,21.43,24,23,25
26.7,34.22,31.5,27.21,25,40,31
8.09,11.51,10.48,8.99,17,8,12
21.23,28.26,25.99,23.46,17,38,15
12.75,19.36,12.05,23.04,14,15,24
11.53,17.32,12.5,12.97,15,14,12
15.57,14.08,18.57,9.45,12,15,11
16.93,14.46,34.38,16.4,13,10,13
16.71,21.5,17.28,16.55,15,12,13
23.69,25.82,29.52,25.16,46,37,20
21.67,16.6,22.86,28.55,16,9,12
17.13,15.68,15.53,8.78,11,18,13
18.07,17.42,17.39,19.28,14,19,12
19.43,19.64,17.53,12.77,43,26,31
11.49,22.91,19.44,15.01,9,11,13
15.61,17.01,19.06,10.63,11,17,17
23.6,18.97,14.26,14.61,18,21,14
33.46,22.16,31.67,25.11,40,61,18
20.94,23.87,18.8,16.14,14,16,14
17.56,18.88,16.75,13.38,17,23,17
14,14.78,12.17,9.07,10,11,15
9.03,9.88,8.23,8.13,8,7,9
32.34,53.18,20.95,14.77,19,15,37
20,24.75,29.79,18.92,12,23,13
15.9,14.98,14.39,9.83,12,15,14
14.38,12.33,12.2,10.17,16,12,19
10.28,8.98,7.84,6.55,8,9,7
10.69,14.6,13.19,10.69,12,12,21
9.74,11.87,11.98,11.93,12,13,12
9,38.4,12,10.22,11,11,10
8.63,18.46,8.96,9.27,12,8,10
15.6,29.12,20.13,10.61,10,13,12
16.27,11.92,17.77,17.08,14,21,14
24.52,27.75,27.56,26.34,17,21,22
21.68,16.94,16.36,15.34,17,9,15
20.27,16.89,15.77,11.96,17,9,16
10.6,9.92,9.68,11.69,13,10,12
25,22.08,21.87,19.3,23,12,22
7.71,12.52,9.83,13.19,14,9,9
11.77,18.8,9.75,10.82,10,12,17
36.32,32.48,28.83,26.64,24,19,22
9.73,13.52,11.65,10.52,11,9,11
22.36,17.92,19.61,18.9,16,17,12
8.87,9.29,11.41,12.13,9,7,22
15.05,13.78,17.18,14.07,13,20,10
15.93,16.31,14.31,9.58,13,20,22
12.99,15.35,9.22,9.63,15,16,12
20.74,19.23,19.21,19.88,23,17,32
20.16,17.99,19.34,12.16,16,18,19
22.24,52.74,43.3,30.94,30,52,33
13.67,11.93,13.77,17.39,11,10,12
50.34,38.64,65.08,18.57,13,29,16
6.96,7.33,7.18,8.52,11,7,7
16.82,14.18,15.57,8.17,12,19,11
14.85,21.86,21.68,18.77,15,23,13
14.71,13.26,16.18,9.59,9,13,14
18.29,14.78,16.43,8.04,10,16,14
18.22,16.74,12.04,12.03,10,18,9
23.21,23.7,31.27,27.51,32,28,35
15.54,15.95,14.98,17.26,10,10,13
16.14,17.52,17.03,18.12,26,12,10
22.48,29.36,42.25,36.91,28,11,19
13.31,15.72,15.52,13.66,10,13,15
9.32,11.39,10.01,10.94,10,10,9
20.72,23.88,20.25,15.27,12,19,15
14.2,62.42,19.04,17.8,13,16,51
23.93,35.94,24.66,19.75,10,17,13
7.35,9.94,8.27,9.63,13,9,11
24.66,19.95,22.21,18.43,12,32,16
6.92,7.29,8.56,7.93,12,7,8
14.83,15.49,28.09,21.37,15,19,20
19.47,15.97,16.27,15.31,15,14,10
11.91,16,10.62,9.51,11,9,13
16.39,15.42,13.87,13.45,13,14,14
17.95,13.76,16.1,14.88,14,16,11
13.76,15.44,19.12,14.6,13,7,20
23.57,49.82,31.3,16.92,29,38,28
18.95,11.28,16.13,12.99,12,10,10
14.75,16.62,16.43,19.6,21,12,13
12.32,12.77,9.69,10.47,13,9,17
20,15,25,19,30,22,25
35.25,26.47,22.28,29.48,35,12,23
17.95,19.3,18.91,15.3,16,28,16
13.76,11.5,16.39,8.48,11,17,14
17.84,29.76,16.94,11.19,17,12,14
19.24,15.19,16.66,14.83,10,15,13
23.55,27.81,25.16,17.98,17,15,20
26.48,24.13,22.93,16.07,13,18,13
14.32,15.18,15.05,7.23,11,11,12
8.62,9.48,11.05,9.36,13,8,11
14.6,20.04,19.62,11.48,14,23,15
14.91,11.35,12.2,8.77,14,10,15
13.1,11.86,17.54,17.09,13,19,15
33.1,38.38,41.14,31.25,39,37,41
7.26,10.28,8.53,7.59,9,8,7
8.76,12.84,7.51,8.91,13,12,11
9.3,11.63,11.98,7.23,11,6,10
15.08,16.68,18.34,14.44,12,21,16
7.63,17.22,9.24,7.83,8,7,10
14.43,15.29,15.46,17.67,15,23,15
18.18,16.51,15.41,16.81,19,18,16
9.81,20.13,12.7,9.66,12,14,19
26.41,25.31,19.27,18.53,17,19,23
19.19,22.26,18.7,15.08,11,18,14
9.44,19.26,13.83,11.66,14,11,14
11.28,13.38,12.77,18.5,13,10,11
33.48,35.74,26.39,38.62,23,22,12
24.74,24.53,31.57,31.16,23,28,21
31.24,35.47,32.08,21.75,12,38,24
15.35,20.17,15.64,12.19,22,17,19
11,12.2,10.35,9.82,12,11,11
11.13,12.05,14.45,13.73,10,11,8
13.39,21.02,25,12,27,16,12
17.33,13.89,13.84,15.58,11,12,12
19.69,24.86,16.97,11.4,9,17,15
9.91,26.55,9.85,9.26,14,9,13
22.04,14.46,15.4,19.41,11,19,16
21.42,19.32,15.23,13.54,14,20,11
11.6,13.54,10.13,11.83,11,10,10
18.79,22.92,14.85,14.87,14,17,15
15.35,17.31,13.65,16.33,9,11,16
14.86,25.03,19.1,11.86,13,15,19
12.19,18.16,17.01,15.28,8,12,11
15.13,15.68,12.75,11.38,14,12,18
11.35,15.32,14.22,13.61,9,11,9
26.53,23.73,23.48,19.37,18,13,15
16.39,13.29,14.71,11.38,14,15,13
22.24,23.87,20.54,28.27,21,18,13
14.68,17.92,19.06,19.26,9,30,15
11.47,16.43,17.93,18.46,15,10,20
15.8,14.54,20.47,11.39,15,8,16
24.54,15.2,10.05,9.57,11,13,12
25.69,33.09,19.65,12.48,16,12,14
20.71,32.56,47.5,15.64,20,12,16
19.37,24.67,19.84,9.03,11,21,11
15.78,18.13,18.92,16.93,11,14,19
44.56,31.87,30.8,19.86,27,24,31
20.37,24.2,21.31,23.99,9,14,22
21.76,16.89,19.44,18.61,14,18,10
17.21,17.5,21.23,16.83,14,17,17
25.23,27.58,17.37,25.42,22,26,30
13,20.96,15.32,14.64,15,15,20
9.81,12.94,9.2,10.4,10,7,13
8.84,10.58,7.05,7.87,12,9,11
9.08,12.42,9.13,10.17,12,12,12
23.41,23.73,20.81,16.54,19,32,15
47.07,24.95,63.41,35.22,24,28,21
13.42,13.8,23.34,17.59,16,14,16
16.53,14.95,19.57,19.32,20,22,13
12.46,21.56,11.66,11.36,12,8,13
14.05,21.01,15.18,15.25,12,16,12
9.5,10.72,8.73,8.56,13,9,8
11.2,14,8.76,13.78,14,11,10
8.6,14.36,10.06,6.95,8,9,11
16.25,16.54,20.37,12.09,10,16,12
10.43,12.51,9.67,12.78,9,7,13
18.44,17.58,15.44,15.33,15,20,18
14.96,18.17,14.59,12.76,9,14,14
12.56,17.66,16.55,9.84,8,10,18
15.43,15.85,13.23,11.76,12,11,13
20.7,30.47,35.05,17.41,14,21,17
15,16.13,22.31,11.76,13,22,13
17.05,15.28,20.79,15.11,15,14,16
10.68,14.03,12.27,12.87,14,12,11
15.01,16.1,10.61,11.39,18,11,10
14.49,15.07,13.12,9.46,17,16,14
10.27,15.05,9.01,10.15,11,8,11
9.23,17.64,11.54,8.99,14,10,10
29.45,17.62,18.83,20.73,13,33,41
8.29,14.95,8.69,8.33,9,8,13
15.17,13.12,15.95,9.57,11,17,10
17,16.67,14.91,16.69,15,14,20
6.12,5.45,5.59,7.14,7,5,7
11.44,10.09,11.33,10.99,24,11,21
14.83,15.57,13.64,10,10,13,8
22.97,16.47,15.89,11.39,16,15,15
16.45,12.67,20.16,15.92,20,22,16
9.01,9.63,10.11,12.42,16,11,14
17.12,14.52,15.56,10.2,13,21,15
14.55,12.7,19.15,7.92,12,12,11
14.21,13.36,13.99,8.92,9,19,13
30.67,28.22,39.76,38.32,25,25,43
23.35,28.51,25.39,21.9,20,35,21
14.15,16.85,15.21,11.25,11,15,18
10.72,11.44,11.95,11.22,13,10,19
20,15,25,19,30,22,25
27,14,29.13,41.87,18,26,19
10.07,10.18,10.77,10.91,16,10,11
13.79,16.12,15.8,8.61,9,14,10
14.34,13.06,17.07,9.68,11,12,13
11.49,16.1,27.67,15.66,16,12,18
9.06,14.13,9.9,9.29,14,10,20
10.49,13.09,10.23,10.24,10,11,10
11.35,20.17,11.96,13.51,15,11,23
15.36,20.12,22.27,17.03,16,18,12
21.08,22.23,30.02,18.57,21,20,21
6.26,8.04,6.85,7.04,9,7,7
15.3,17.98,12.02,15.31,15,11,13
18.07,17.38,12.87,10.08,14,25,17
22.47,17.67,17.67,12.57,16,14,8
16.24,18.47,15.23,13.21,14,19,18
24.2,22.6,27.58,23.23,16,21,21
19.16,26.66,13.98,11.94,12,14,15
14.53,13.13,13.57,7.16,10,15,13
17.37,16.92,25.66,25.59,12,24,17
29.65,21.69,33.59,20.69,16,14,19
15.93,14.43,15.99,10.8,10,14,15
22.76,21.62,23.78,24.64,14,18,19
18.98,20.76,19.82,10.78,9,16,15
14.29,14.18,20.92,9.98,11,8,12
11.39,11.89,17.37,16.96,15,12,14
12.89,17.93,15.78,20.49,12,12,25
14.63,14.21,16.6,7.5,10,9,11
13.76,22.65,15.45,20.01,10,16,7
14.92,17.1,12.73,10.78,15,10,13
20,15,25,19,30,22,25
16.08,15.37,17.89,14.5,14,13,13
12.57,20.14,16.66,12.2,11,16,11
10.57,10.96,10.9,8.95,12,8,9
17.16,23.92,23.4,21.79,11,18,20
21.94,34.84,26.59,31.32,19,18,42
17.27,15.1,14.29,13.72,11,13,10
12.62,12.3,11.84,7.75,7,12,12
10.2,13.9,14.97,14.14,14,22,10
18.03,16.13,19.86,17.17,17,21,19
17.04,14.94,13.56,13.44,16,12,11
16.21,12.33,14.58,14.9,12,19,15
7.92,13.35,9.82,6.32,9,7,8
17.88,20.3,17.47,17.22,14,17,24
21.81,35.1,19.98,20.13,23,21,17
15.45,35.63,20.71,17.35,19,19,17
32.21,29.7,18.76,21.79,11,8,13
19.73,18.5,14.25,13.61,11,13,15
18.68,16.48,21.79,18.83,19,16,13
22.96,20.53,19.95,20.59,12,12,11
15.76,15.44,20.12,15.6,23,18,24
15.75,14.35,14.03,11.51,17,19,13
13.95,13.78,13.65,13.2,10,13,13
29.2,23.68,30.82,40.34,21,26,20
19.65,26.95,27.08,13.2,18,20,28
16.95,20.52,12.05,12.45,14,17,20
17.65,17.3,18.71,12.5,10,18,14
15.16,20.21,20.21,19.77,12,16,13
10.79,9.83,9.72,14.2,11,13,12
13.04,13.95,13.87,13.2,9,8,12
16.37,17.96,22.07,22.7,20,18,13
10.15,8.33,9.47,12.46,7,9,12
35.19,24.36,30.16,38.91,25,26,39
21.45,21.14,19.18,20.22,20,26,14
30.38,46.07,58.91,24.43,22,44,15
14.52,19.76,12.94,11.49,10,13,12
26.13,47.65,16.34,34.15,26,22,16
13.16,18.92,22.87,16.45,13,9,16
9.59,18.77,12.47,8.52,7,14,8
28.91,28.15,31.89,19.61,32,23,23
13.31,22.41,13.71,12.88,16,11,10
17.1,15.18,20.3,10.52,10,10,23
14.83,16.87,22.09,14.04,11,15,13
9.15,11.48,8.7,9.78,13,10,13
23.7,22.21,25.06,35.5,20,40,33
38.62,25.85,24.43,37.71,34,21,29
19.02,19.31,15.86,15.98,14,19,12
11.88,11.73,13.53,15.74,11,15,12
12.11,13.93,9.71,10.28,15,7,9
12.19,28.31,10.78,11.54,18,12,23
14.3,51.23,18.48,11.98,17,12,14
20.78,31.76,29.68,12.6,17,17,18
14.46,21.02,13.3,17.74,23,16,11
19.48,17.93,16.53,9.61,21,19,12
23.23,45.26,35.59,29.31,20,27,22
17.07,16.02,17.36,15.83,15,26,11
14.82,15.98,16.58,12.36,12,13,17
21.59,45.94,13.87,9.1,12,25,18
8.88,10.1,10.33,7.48,7,8,10
10.74,11.5,10.5,9.01,9,9,11
11.06,20.33,14.68,12.24,17,9,13
16.8,14.49,15.75,11.71,15,12,14
14.45,13.05,26.05,12.43,15,13,16
46.95,44.52,28.01,11.33,17,29,25
24.8,18.59,13.9,11.85,13,18,14
19.76,37.75,18.35,12.12,30,16,43
12.17,12.45,16.13,15.47,14,17,14
19.31,44.59,17.56,16.12,22,22,22
10.74,16.69,10.17,10.4,14,10,11
9.97,7.2,9.56,11.39,9,17,9
17.67,18.78,15.68,14.38,15,17,14
16,12.3,13.45,11.55,10,16,14
17.96,15.45,19.14,7.4,14,14,11
25.57,22.71,24.76,20.99,23,33,22
16.14,25.94,36.02,18.51,12,31,44
12.32,10.63,16.98,18.64,11,14,24
14.71,14.92,16.23,11.26,17,18,10
38.34,19.09,24.98,25.88,20,34,19
18.68,15.73,15,11.4,12,16,17
17.67,16.06,16.46,8.56,11,9,10
9.61,18.86,9.93,10.26,16,9,16
12.07,12.54,11.81,7.8,13,10,9
13.15,24.71,12.48,9.94,17,11,13
13.8,12.21,12.41,7.36,10,11,13
12.62,15.77,11.3,10.37,36,12,12
22.55,32.67,34.81,16.86,10,24,16
8.06,10.23,9.06,11.38,11,9,12
13.13,22.31,13.77,12.27,13,10,13
35.6,33.6,41.11,24.76,20,9,23
10.55,10.27,8.44,6.18,6,11,8
17.35,28.4,32.14,24.55,25,18,18
12.06,12.41,15.53,9.91,8,11,10
31.8,18.69,23.86,19.56,14,16,21
9.5,9.26,10.11,10.49,12,9,9
20,15,25,19,30,22,25
11.32,14.95,10.85,7.65,12,10,16
18.54,19.7,22.14,23.98,21,10,18
14.27,14.65,16.26,14.81,13,20,14
9.33,16.25,12.26,10,16,11,13
19.91,16.73,22.41,20.63,21,25,12
9.05,13.37,10.32,10.22,15,9,10
14.11,14.05,30.29,17.05,12,12,17
16.14,17.82,15.93,12.06,18,17,9
21.09,13.85,11.42,12.16,17,9,11
15.73,22.58,25.11,21.11,27,26,14
12.87,22.68,16.62,11.37,11,13,10
21.14,23.89,13.26,11.53,16,15,19
26.65,22.79,37.99,10.54,18,21,25
29.5,37,29.38,14.41,25,18,16
15.77,15.66,13.12,11.85,12,11,11
10.04,11.1,11.67,10.62,21,8,14
12.62,20.21,19.18,29.36,31,22,19
12.53,18.47,12.06,15.96,16,11,13
8.85,9.09,11.03,10.21,9,12,14
17.37,13.83,15.88,11.09,13,18,15
16.93,25.91,13.79,11.12,8,19,10
18.49,26.26,11.15,8.18,10,16,12
17.83,16.83,19.14,15.63,15,16,13
17.07,17.05,34.27,17.72,19,14,24
7.49,9.24,7.82,8.6,10,6,10
22.93,14.35,13.03,14.12,15,23,18
18.63,15.1,18.61,18.41,20,20,15
10.98,14.14,12.27,10.85,13,15,13
48.75,31.74,42.46,31.89,20,39,19
19.4,17.75,25.61,9.81,13,11,14
18.62,19.7,16,15.77,11,12,19
23.56,26.87,28.97,24.14,17,38,40
37.34,43.34,28.31,22.54,13,33,19
9.04,14.89,10.81,8.31,12,11,12
10.28,13.53,10.13,8.21,14,10,10
28.67,17.32,31.69,36.47,20,20,23
8.52,17.84,11.74,11.1,8,9,14
17.47,16.94,15.41,16.31,14,14,17
16.6,21.86,31.62,10.86,18,27,17
24.83,21.22,21.88,15.26,11,31,15
8.86,13.95,8.13,7.54,12,8,12
19.56,14.39,15.62,12.87,15,13,11
31.3,18.96,24.62,21.03,25,48,23
11.39,16.3,19.93,23.67,8,12,19
27.32,24.43,25.3,24.43,25,20,22
16.48,13.43,14.98,14.96,16,17,13
22.1,26.2,20.56,14.4,14,26,35
10.12,11.36,11.24,9.97,11,12,7
17.44,15.88,13.35,14.18,17,8,15
14.02,27.7,11.6,11.45,13,15,10
11.15,11.64,10.93,12.93,20,9,12
17.93,25.13,20.87,20.45,24,18,16
13.89,12.94,12.96,11.16,12,8,11
19.88,17.69,14.11,9.81,15,16,11
25.33,26.33,16.6,53.58,13,21,15
10.95,10.4,8.06,8.9,9,7,9
8.48,10.19,7.79,8.94,13,8,12
15.52,12.57,17.44,16.97,18,17,11
11.64,12.17,11,8.22,9,7,16
20.31,11.12,13.31,12.02,17,18,11
12.96,14.72,15.75,8.97,12,8,17
7.67,10.91,11.63,10.53,11,11,10
43.45,25.58,33.63,67.04,48,33,34
15.61,33.55,28.54,12.92,18,22,21
9.86,15.09,9.74,8.38,9,10,13
19.24,16.95,16.15,31.78,23,27,14
9.11,12.3,8.51,9.77,9,8,15
15.38,14.34,11.97,11.2,9,13,15
11.11,13.34,11.81,8.03,13,15,16
9.16,12.66,10.34,9.72,11,9,10
9.39,16.74,8.58,8.93,17,13,31
40.61,29.65,24.86,37.48,15,25,15
13.44,14.09,15.22,16.36,13,8,13
24.17,34.5,20.63,18.91,11,26,13
16.15,15.94,20.36,32.15,9,12,10
22.4,21.61,18.04,14.71,14,14,12
29.97,19.51,19.08,22.91,20,27,18
8.98,9.85,10.82,9.5,7,16,8
10.62,12.45,12.57,11.22,9,10,13
20.16,27.53,21.9,20.58,17,16,16
28.22,19.61,42.37,42.67,22,21,20
19.47,17.1,17.42,31.67,20,24,13
15.33,23.96,22.65,16.92,14,16,12
15.86,17.66,12.77,11.95,14,18,13
8.26,15.37,9.97,8.93,8,7,10
45.02,26.62,20.87,29.66,33,14,35
17.21,18.03,16.04,19.32,21,18,15
11.48,14.56,11.5,15.01,7,10,11
15.35,15.47,16.94,13.19,16,18,14
9.94,12.12,11.16,9.64,13,10,9
25.15,34.3,27.59,22.79,16,11,42
19.58,27.27,14.62,11.04,11,10,15
12.83,29.2,12.15,9.67,27,10,19
33.02,36.92,23.25,31.57,21,26,16
12.52,18.93,19.86,12.32,15,18,11
14.91,26.22,19.16,12.67,14,16,14
23.16,20.64,17.68,17.68,15,45,16
13.5,14.94,9.42,11.33,14,12,14
14.4,13.73,14.77,14.07,12,14,11
17.25,16.84,25.39,23.89,18,18,19
54.82,61.98,55.47,45.05,48,18,30
18.54,19.3,15.26,12.58,21,10,17
16.64,15.25,16.42,11.62,11,9,10
19.07,15.28,18.09,37.54,10,38,16
12.9,20.11,13.2,10.82,13,16,17
9.37,18.55,12.81,7.66,9,12,9
17.87,16.08,12.12,9.85,10,15,10
15.42,21.76,22.42,34.16,29,24,24
17.08,25.07,12.41,11.81,16,15,11
17.88,17.44,20.62,15.06,29,42,19
16.93,19.34,17.6,12.4,15,20,22
26.8,37.53,29.42,43.02,52,38,20
29.46,43.98,25.21,30.73,18,12,28
11.79,11.6,10.46,9.54,10,12,9
15.89,15.07,10.77,15.99,14,11,13
10.79,18.09,15.24,10.12,18,11,27
29.23,22.03,25.81,12.45,10,15,20
27.71,18.25,23.24,26.6,17,24,11
20.28,18.32,16.88,19.97,15,28,19
11.77,12.27,13.49,11.74,9,21,17
12.3,13.17,9.64,10.48,9,10,9
11.39,14.56,14.04,15.83,16,15,14
16.01,15.56,27.61,15.29,12,18,17
22.81,13.92,13.84,13.85,15,20,17
14.25,15.2,10.39,11.48,11,9,21
14.33,17.23,35.69,14.74,14,8,18
18.44,14.84,19.08,18.52,16,21,13
13.64,10.7,10.43,15.01,15,12,10
13,17.69,15.3,19.27,17,13,14
9.52,10.39,8.6,9.85,9,10,9
17.14,22.06,20.39,22.43,16,19,13
13.42,20.78,19.78,11.82,14,20,13
22.7,24.95,32.91,9.32,15,19,18
9.46,9.89,9.35,11.04,16,11,10
8.19,8.2,9.9,9.28,10,10,14
13.1,10.64,14.7,15.78,12,19,13
17.35,22.37,14.39,13.14,17,14,14
25.71,22.24,19.59,81.24,22,12,17
16.67,17.74,23,13.1,10,22,12
19.36,17.36,12.5,17.39,15,15,16
14.72,11.74,11.32,9.01,10,13,11
18.99,29.02,31.42,31.81,21,12,17
15.28,13.61,22.9,13.16,14,19,11
14.49,13.14,15.13,11.58,10,16,12
16.55,24.59,20.69,18.94,11,21,22
12.37,12.1,12,11.72,8,10,11
16.05,18.68,19.89,15.93,10,18,15
19.57,17.24,13.7,8.95,13,15,17
16.4,17.67,11.51,11.28,10,14,13
22.36,19.18,22.75,17.13,14,14,18
20.4,20.88,24.11,16.28,19,26,25
27.99,32.34,21.78,15.91,16,23,10
30.87,34.04,27.22,22.97,20,28,11
42.85,31.47,41.01,27.7,29,40,27
17.62,18.71,22.53,21.61,18,18,28
12.55,15.29,15.2,10.07,15,25,15
12.35,11.21,10.14,11.49,9,9,9
20.55,22.27,22.44,17.46,13,28,28
9.72,21.91,13.03,9.67,13,8,9
26.21,17.95,18.76,14.47,13,28,16
16.99,19.06,19.36,8.89,11,42,12
8.11,14.12,15.83,8.84,14,9,15
22.15,23.1,13.54,19.84,17,22,23
15.46,13.97,18.09,10.16,16,13,22
19,19.65,22.96,11.78,12,17,16
72.06,34.88,42.96,23.28,17,29,19
9.59,10.68,9.45,11.52,9,8,11
20.43,22.78,17.69,30.71,14,12,16
9.28,11.82,8.38,8.98,9,9,9
15.83,27.86,17.21,14.93,13,13,12
16.28,15.6,18.47,13.01,13,11,10
17.1,14.08,22.88,8.21,15,12,13
14.79,16.15,14.63,14.26,8,17,12
10.81,25,8.4,8.45,15,9,11
17.55,15.59,17.8,9.9,10,18,8
8.14,10.83,11.19,10.64,19,10,8
10.63,12.02,9.25,10.6,15,9,11
24.23,23.87,25.77,26.18,20,31,29
15.49,14.54,13.86,12.94,13,14,16
17.1,19.05,14.85,12.35,15,16,13
22.52,32.01,25.73,18.81,27,23,23
10.19,9.92,13.56,10.52,9,11,8
13.67,13.94,14.06,17.14,10,17,12
22.59,56.85,61.67,30.63,32,68,24
18.83,12.11,10.16,9.52,15,18,11
17.38,13.22,14.64,10.66,12,14,16
11.16,11.54,13.16,10.94,11,10,13
22.32,30.06,15.81,10.46,20,16,12
18.86,13.51,17,11.48,11,16,15
21.82,28.08,56.75,25.17,33,45,18
16.92,16.44,18.02,17.76,12,20,19
65.23,25.75,24.16,32.69,16,16,22
28.16,32.72,38.02,29.95,33,33,24
23.51,16.44,22.33,25.54,37,49,25
10.77,13.64,11.54,8.47,9,9,9
16,14.09,16.72,9.58,16,23,15
15.03,13.48,24.09,11.94,10,14,13
19.44,17.21,13.99,13.76,11,18,13
16.17,25.92,15.35,12.39,12,26,10
30.68,27.51,19.14,23.79,44,33,67
15.58,29.93,18.63,13.3,18,15,24
17.88,21.32,22.09,18.72,15,22,14
15.58,18.74,15.34,9.61,10,13,13
16.2,14.39,16.43,17,19,13,29
17.74,14.85,16.07,19.35,13,18,13
9.85,19.54,12.59,10.26,10,9,16
21.92,15.24,17.48,49.07,20,17,26
27.78,29.64,54.71,23.91,13,21,19
17.23,18.76,14.93,10.07,13,16,11
21.87,29.38,16.3,13.65,20,9,17
16.41,15.58,17.11,11.29,15,14,13
32.12,20.49,21.26,16.79,14,20,20
35.75,32.94,28.75,25.24,14,18,13
12.97,15.84,10.08,11.82,12,10,9
15.77,15.12,14.45,18.85,14,18,13
9.02,13.06,10.06,11.19,10,7,16
26.81,35.68,21.52,23.41,14,25,20
54.11,33.98,69.48,30.59,11,29,18
13.25,11.17,10.93,9.89,10,9,11
16.49,22.74,19.79,10.92,8,18,10
17.39,20.51,28.12,48.81,24,21,20
10.61,18.15,9.23,11.61,13,8,11
9.27,12.86,7.84,9.89,8,8,9
13.48,15.17,13.5,12.9,12,24,15
26.72,35.26,43.45,25.06,19,34,33
10.82,10.98,9.87,9.29,8,7,9
34.18,29.63,33.23,17.38,20,25,21
17.62,27.26,27.73,13.83,15,13,22
13.92,18.99,23.23,10.63,11,14,9
15.24,14.18,11.82,9.42,11,12,23
31.61,35.62,28.69,34.39,22,29,22
19.2,19.93,18.56,19.48,15,16,15
8.61,11.81,9.59,8.82,13,9,8
25.55,32.09,18.91,19.35,15,18,15
11.24,24.44,16.09,11.88,15,16,17
14.63,14.23,15.17,9.27,12,10,11
14.13,14.21,9.97,11.97,9,12,11
16.89,23.71,15.56,13.98,24,29,14
10.4,13.06,9.99,9.01,13,10,16
11.43,15.55,14.03,7.1,8,10,10
16.11,13.9,18.54,8.79,12,18,17
12.74,15.8,15.22,17.83,14,12,11
8.42,11.93,10.85,10.29,8,9,14
17.76,19.56,14.32,12.73,11,11,9
19.19,20.66,22.41,27.62,23,20,20
27.68,35.11,35.59,36.37,24,25,24
15.7,24.15,23.36,11.11,11,14,11
16.76,15.38,22.79,19.43,16,16,14
9.88,17.76,10.7,9.22,10,11,13
14.43,20.85,16.47,19.75,28,22,23
16.45,22.7,19.06,17.91,27,15,12
13.09,13.01,12.56,14.33,12,12,9
19.41,29.85,24.36,12.72,12,13,19
16.6,19.33,23.38,36.89,15,21,20
14.94,16.4,16.69,12.46,14,10,14
15.89,19.06,17.97,13.48,13,18,14
8.78,10.16,15.07,10.75,7,11,12
15.1,15.24,16.25,10.8,11,19,9
17.7,17.5,11.86,14.86,13,15,13
16.65,22.89,18.25,16.73,10,21,9
6.99,11.38,7.92,7.74,7,12,10
34.16,39.87,34.03,41.51,18,31,51
14.95,20.4,9.61,13.98,13,8,14
17.18,14.39,15,13.54,15,13,11
19.89,17.65,15.53,15.5,10,13,13
17.34,15.36,17.85,15.34,18,14,14
11.37,11.91,11.84,13.06,15,10,8
15.19,40.21,15.61,11.87,16,9,20
8.64,12.3,11.32,10.81,12,9,9
14.69,15.48,20.39,25.03,8,13,12
8.31,8.79,9.14,7.49,14,8,9
6.27,8.56,6.08,5.94,8,7,8
10.5,9.35,11.81,10.22,15,12,61
20,15,25,19,30,22,25
11.55,8.14,13.61,15.36,11,11,11
8.7,9.94,8.18,8.16,13,9,11
6.99,13.07,9.02,8.61,9,8,10
28.95,20.99,17.49,10.31,10,12,11
18.32,11.16,10.52,8.54,11,15,18
35.62,21.95,23.56,18.76,19,16,17
31.58,61.4,33.31,15.37,20,27,12
14.85,17.39,11.96,9.99,10,12,15
13.96,17.56,13.99,11.02,17,17,19
15.46,23.55,14.2,13.82,14,14,15
33.63,32.59,35.06,29.06,20,22,15
59.86,36.62,22.55,49.36,24,30,42
15.27,14.38,23.13,24.67,9,17,15
14.75,13.42,18.87,21.9,20,17,15
10.28,8.38,12.6,15.49,16,10,10
17.66,14.28,11.47,9.05,9,9,12
15.06,12.38,12.77,12.43,10,12,9
27.92,24.54,19.94,27.82,24,20,25
12.63,13.08,22.13,16.14,14,12,13
13.78,17.16,16.29,14.78,12,17,23
11.14,11.6,13.06,14.85,14,10,14
26.25,25.44,13.61,18.55,14,18,17
16.84,17.7,14.37,11.43,18,9,22
17.79,34.84,20.09,23.1,18,25,18
10.25,7.9,8.55,9.24,7,9,13
13.53,28.16,14.44,12.87,16,11,15
13.04,13.06,11.91,13.62,12,13,10
40,17.85,36.33,39.1,24,10,20
9.6,12.61,11.02,11.01,12,8,11
15.36,18.25,13.86,9.87,10,15,11
14.6,13.24,15.61,18.83,16,10,9
10.58,11.39,11.18,9.3,12,9,15
17.31,20.53,20.67,18.62,16,27,13
13.28,21.42,13.57,8.47,13,14,18
17.25,17.07,10.3,9.49,9,10,9
13.71,17.6,12.91,12.53,15,10,18
11.5,16.49,14.02,9.71,11,10,11
8.55,9.83,8.86,10.17,15,8,9
11.83,15.02,11.93,8.79,8,9,13
18.87,19.57,12.67,14.82,11,17,14
20.13,28.65,31.04,14.78,22,16,13
11.42,12.45,18.39,14.15,29,13,17
11.2,24.23,15.8,12.93,18,27,12
16.24,15.21,20.06,11.15,12,10,12
14.91,16.26,16.87,14.59,12,14,15
8.13,14.79,8.01,8.6,12,8,9
17.84,15.37,18.15,16.26,16,20,13
9.02,23.48,9.55,8.93,13,7,13
10.32,12.02,9.64,10.94,11,8,16
14.76,14.4,12.42,9.35,9,10,9
17.31,16.16,24.07,21.75,13,20,15
25.18,56.66,25.87,19.27,23,27,12
24.48,37.16,20.02,13.83,21,19,15
15.04,22.45,29.6,22.12,15,29,17
9.46,14.91,9.32,9.49,17,10,16
18.53,18.49,21.45,12.37,17,16,29
20.77,15.55,28.85,14.59,19,23,21
11.51,13.15,11.57,12.71,11,11,10
17.81,21.96,21.65,10.46,14,19,12
19,27.8,29.87,21.78,28,13,41
11.34,13.93,11.51,11.32,18,10,11
16.56,18.2,11.48,17.26,15,17,29
25.85,25.22,30.99,28.69,20,25,18
15.13,19.99,16.66,12.39,15,17,16
23.67,22.28,19.57,17.81,19,34,21
21.33,19.68,18.58,19.87,19,20,18
14.81,14.67,23.8,20.62,11,17,24
14.29,11.24,13.76,13.21,9,11,11
11.66,13.64,13.03,11.6,11,22,15
12.75,19.25,16.43,14.44,12,14,15
20.13,20.81,22.35,10.02,11,18,10
11.83,14.98,14.62,6.8,8,10,9
6.83,11.41,9.67,8.64,9,7,11
14.32,16.49,13.24,12.79,33,14,23
11.69,12.5,10.98,9.81,13,10,13
57.47,46.88,57.19,28.73,28,76,29
15.76,13.16,11.96,16.67,21,14,17
10.08,13.55,10.09,9.89,13,10,12
17.25,16.13,15.53,11.12,10,15,11
9.47,16.75,10.76,11.2,12,13,10
8.93,11.63,9.93,9.77,9,9,9
27.9,22.3,32.76,26.57,18,13,27
21.46,21.03,26.8,20.63,15,24,13
11.68,14.38,10.4,8.2,8,9,13
23.27,23.71,21.57,24.78,21,15,20
16.81,12.61,13.9,10.24,13,15,15
21.52,15.04,14.44,13.55,12,15,12
18.28,18.4,16.37,15.07,15,19,12
16.81,21.54,14.84,14.67,17,15,29
14.6,13.57,20.07,14.57,11,19,13
21.27,13.41,13.65,9.82,19,19,11
26.36,15.59,15.23,18.17,11,13,10
15.48,16.94,14.65,12.42,16,16,12
11.37,18.38,19.98,15.32,15,19,15
16.57,16.03,15.64,10.54,10,17,11
22.63,24.73,33.44,16.6,22,17,27
21,21.07,20.59,14.51,12,9,14
15.39,16.55,19.94,20.5,20,16,15
20.32,24.52,20.13,18.22,12,17,17
26.63,23.72,36.58,19.52,43,31,17
9.08,9.32,8.52,10.15,14,9,9
16.05,19.93,12.67,8.95,13,15,14
16.03,13.4,14.11,11.2,13,11,10
12.29,9.83,11.36,14.41,11,12,11
35.53,26.02,26.42,19.76,13,15,23
16.81,16.18,14.88,13.55,11,15,13
17.54,14.76,12.88,10.7,18,9,10
7.24,16.35,8.62,9.49,16,8,10
10.27,12.02,11.45,11.66,15,12,28
13.15,10.85,7.84,10.26,8,15,21
14.51,13.61,11.89,9.25,8,14,15
12.87,13.31,13.99,15.97,12,10,18
18.08,17.23,17.25,13.05,16,18,16
16.48,22.67,10.16,10.49,24,20,17
20.09,15.91,23.35,15.93,15,19,15
18.65,14.34,16.56,9.74,9,16,12
7.71,9.49,7.41,8.16,13,7,7
7.98,14.24,9.8,9.41,13,7,8
14.88,21.65,11.44,11.33,23,13,15
19.59,19.35,18.32,16.35,15,20,21
25.83,17.44,22.75,18.93,21,18,12
10.47,13.56,12.65,12.42,11,11,16
14.91,25.34,15.87,15.92,29,14,10
13.38,11.55,11.82,7.4,9,13,12
9.78,20.26,12.24,12.01,12,10,17
18.48,13.97,27.11,29.82,31,21,19
7.03,11.03,8.97,8.7,7,7,7
20.42,28.94,44.96,20.06,24,30,14
15.67,14.07,13.41,13.96,12,15,12
12.62,11.22,18.49,16.28,13,17,15
8.53,13.77,18.93,8.32,14,8,15
13.17,20.07,12.55,9.5,9,11,11
12.68,12.59,13.91,10.12,10,9,11
14.05,13.41,13.11,11.79,16,15,15
8.24,8.49,8,9.35,9,7,10
9.21,8.99,10.22,10.6,14,9,12
34.14,28.15,28.32,23.25,30,14,25
31.35,25.94,23.79,27.78,21,12,26
9.72,12.76,9.96,8.76,14,9,9
23.28,24.06,31.08,14.5,16,16,17
16.25,16.28,13.12,13,15,16,16
10.8,16.75,9.3,14.1,13,9,15
11.9,16.62,13.52,12.62,11,11,13
11.2,20.52,14.92,11.81,37,18,12
29.98,24.51,44.23,35.92,41,24,30
34.42,22.26,22.74,17.51,19,17,19
14.35,8.08,10.33,10.98,12,10,9
15.72,18.7,17.58,16.07,21,17,12
20.31,18.54,18.66,14.22,15,29,13
11.73,15.37,12.28,9.96,9,13,11
45,42.81,34.61,33.05,33,16,29
16.21,16.54,21.18,19.73,18,21,13
16.2,31.2,18.63,17.8,15,11,24
16.92,17.75,19.69,23.65,13,21,17
11.42,12.47,12.07,8.42,9,11,13
27.3,22.38,25.4,30.44,24,37,14
14.67,14.16,13.54,7.89,11,23,15
6.42,7.75,8.7,9.36,9,8,10
18.16,15.29,15.82,10.11,13,13,20
17.77,15.44,26.22,8.68,10,27,17
15.34,54.65,18.42,16.09,35,21,14
14.86,15.73,12.73,19.09,18,8,12
17.34,33.76,26.09,12.3,23,37,18
19.75,28.26,20.82,13.9,20,17,14
16.8,11.51,12.61,11.99,10,15,8
18.94,36.59,30.16,11.1,28,14,16
19.4,23.36,18.99,14.42,19,20,21
20.58,14.41,22.38,15.31,17,22,11
22.07,34.13,27.3,27.29,25,19,25
19.08,27.04,32.95,15.34,17,19,12
28.75,24.56,26.19,33.68,16,26,24
48.67,53.12,23.9,11.2,17,22,17
20.03,23.4,35.86,16.93,11,49,21
10.48,15.09,12.61,11.23,11,21,13
16.82,13.45,17.19,11.41,10,12,10
22.14,19.99,27.08,26.41,13,16,21
28.06,25.01,20.41,22.89,18,21,14
12.45,13.92,10.52,12.84,17,11,17
12.9,14.27,18.65,9.59,9,16,9
15.4,13.78,11.17,9.28,12,11,14
25.44,19.88,14.94,11.33,21,21,12
39.36,35.69,27.62,21.14,29,21,25
11.59,14.27,12.6,11.47,9,7,9
13.27,18.22,15.19,11.23,10,11,19
15.22,17.53,18.7,12.93,16,18,16
10.64,12.53,10.56,11.73,13,11,10
18.22,11.88,15.77,12.54,9,17,9
47.78,29.15,54.32,57.24,27,35,11
10,15.47,14.46,9.72,11,16,13
24.18,17.21,20.7,23.39,14,20,17
14.24,28.08,12.43,9.71,8,10,19
8.45,13.77,10.53,8.77,8,14,20
9.06,11.2,7.05,6.67,10,7,17
19.84,28.67,33.21,20.11,36,41,41
19.88,20.83,15.96,13.23,12,12,26
19.71,14.05,20.33,14.99,15,19,13
14.37,15.5,17.05,10.8,8,8,9
11.12,13.17,12.54,11.47,12,10,20
8.06,9.15,8.49,8.08,9,10,9
45.88,40.4,40.04,39,23,28,27
7.94,15.04,11.08,7.59,12,10,9
12.28,18.79,11.1,8.72,8,12,9
19.14,24.64,18.49,41.1,21,29,40
10.88,12.88,15.19,17.69,18,31,11
27.6,20.97,29.47,32.83,21,32,17
21.36,25.31,32.53,29.03,19,25,28
21.59,40.91,25.06,25.44,24,10,16
8.22,10.33,10.67,8.66,6,7,12
8.25,8.13,7.88,9.08,7,6,9
7.42,10.66,7.34,7.08,11,6,8
21.79,18.77,25.45,23.69,18,41,18
19.41,9.88,11.58,10.97,14,18,16
19.44,20.71,15.44,13.72,37,11,15
16.44,41.08,20.89,14.42,25,14,17
20,15,25,19,30,22,25
14.79,15.24,15.93,12.04,18,19,11
15.07,16.16,12.08,15.8,14,10,16
19.66,21.86,20.14,20.35,37,43,22
14.55,15.65,13.17,9.1,8,8,10
14.98,15.75,12.9,13.07,17,10,8
8.61,18.11,19.41,10.35,11,12,12
59.97,45.8,25.26,21.8,41,31,44
13.12,25.51,9.79,11.2,23,14,12
17.4,32.33,15.13,15.51,35,17,18
8.03,13.06,14.84,8.17,13,8,17
15.21,14.03,20.73,10.82,10,9,15
15.78,19.56,10.69,15.33,13,18,22
8.7,13.02,9.56,9.89,9,7,11
13.53,16.07,14.56,15.71,20,19,15
10.54,31.97,12.09,12.32,12,13,30
12.58,15.01,15.15,8.67,11,10,8
35.81,27.16,33.58,33.35,27,29,21
21.23,25.29,14.47,10.66,15,10,15
16.66,15.72,16.67,12.89,12,15,13
14.23,16.64,18.94,18.25,17,21,15
22.36,19.71,17.17,15.3,22,21,15
46.83,44.83,18.32,29.93,21,25,20
31.83,32.24,23.13,22.83,17,11,21
17.05,12.91,14.17,14.33,14,18,17
11.59,13.24,15,10.26,10,12,9
9.65,13.54,10.51,10.39,20,11,32
12.64,16.78,14.69,20.82,12,18,15
13.78,14.59,17.06,13.71,12,10,11
32.55,26.7,41.32,35.63,24,41,26
15.42,16.93,18.03,21.72,33,19,14
15.25,18.09,21.62,9.17,11,14,9
21.57,19.1,25.84,20.58,19,27,14
15.14,12.2,12.49,8.83,11,9,13
19.21,15.99,17.32,15.67,13,15,17
14.3,29.17,16.61,10.53,14,16,30
13.86,17.07,20.67,13.64,17,11,13
16.43,13.35,17.14,19.1,9,15,10
20.96,22.76,25.36,31.27,21,24,16
22.5,18.68,27.12,40.11,16,29,20
16.42,17.68,26.1,20.31,38,9,16
17.77,19.16,23.7,17.42,18,14,18
12.59,11.16,10.79,6.21,8,9,15
16.45,13.35,17.77,9.3,13,10,10
15.6,14.97,18.9,18.39,15,9,17
15.26,15.01,24.84,19.31,18,18,13
48.13,34.82,32.93,37.81,18,24,27
13.59,9.81,8.14,6.25,8,14,7
17.67,13.79,16.92,9.51,9,14,18
12.28,9.77,9.36,10.79,13,9,15
13.67,11.38,12.76,11.91,11,16,9
50.34,38.64,65.08,18.57,13,26,16
12.21,15.93,12,7.39,10,11,8
13,15,17.78,8.84,10,11,13
13.22,14.72,14.45,13.53,17,17,17
12.33,16.1,12.95,9.35,10,14,11
19.87,15.97,22.55,24.28,17,16,18
24.2,23.34,31.86,16.09,24,17,27
23.61,18.7,23.05,28.42,14,20,17
21.41,22.04,38.27,24.4,19,22,23
15.66,17.48,15.6,13.53,16,17,12
14.46,14.9,15.65,9.38,12,14,14
16.1,21.34,20.07,26.64,13,16,16
16.02,52.5,25.71,16.03,24,15,16
11.34,9.99,9.6,10.74,10,11,15
15.94,19.45,23.85,21.04,21,14,14
20.43,13.14,15.62,14.84,13,16,16
8.91,16.1,15.13,10.95,9,8,11
19,22.22,20.69,16.3,27,16,12
15.24,20.3,18,12.83,10,20,11
21.76,38.9,21.7,33.04,42,37,22
20,15,25,19,30,22,25
13.11,12.45,14.74,10.42,11,15,13
14.7,21.99,25.02,18.38,11,23,17
20.93,26.94,19.63,14.33,31,24,15
17.52,19.29,24.61,12.48,16,18,19
18.09,16.42,17.53,32.8,29,16,18
25.66,24.85,14.39,9.57,19,19,15
10.36,17.45,17.39,8.81,10,10,10
23.09,34.77,34.96,26.5,16,18,19
20.92,23.96,16.52,17.4,10,19,11
23.72,50.94,29.57,18.22,26,18,46
12.68,9.77,9.76,9.16,8,11,10
14.7,12.61,15.54,16.37,12,16,15
24.17,35.97,26.13,18.63,19,22,32
20.76,36.46,19.97,18.18,19,20,50
36.07,27.49,28.1,21.19,19,20,17
16.08,15.07,8.85,9.35,9,9,10
21.53,18.76,23.4,14.83,14,25,19
15.59,18.29,12.17,8.25,13,14,11
9.58,10.71,12,11.98,9,8,11
19.69,19.76,18.63,13.31,14,30,12
21.47,18.37,16.6,13.15,12,18,16
14.9,17.01,14.54,13.01,13,13,13
17.67,16.61,16.63,19.05,14,9,15
11.83,13.24,11.35,11.14,12,15,19
13.67,12.24,11.34,8.76,9,7,9
18.55,15.77,10.6,16.13,11,13,14
14.35,12.65,11.99,9.02,9,11,11
23.73,13.37,11.36,12.1,14,20,14
9.07,31.02,14.07,11.11,15,14,11
8.7,21.36,10.12,11.87,12,11,11
24.62,35.66,32.09,17.01,17,12,11
16.83,25.89,16.41,10.39,10,9,12
9.32,8.06,8.56,9.89,11,9,9
19.51,17.59,15.53,10.86,12,17,9
17.97,18.36,12.5,9.93,12,17,12
17.68,13.3,25.32,20.41,11,22,15
42.36,38.04,39.1,40.84,37,43,30
9.39,5.99,8.58,10.06,12,7,10
14.87,15.11,14.32,12.96,17,12,16
44.37,27.22,21.81,13.25,15,17,15
15.83,27.38,20.29,20.93,14,22,15
16.33,39.22,25.13,18.69,11,13,11
19.47,25.08,18.23,12.71,11,19,9
9.81,11.56,9.67,9.57,11,11,10
14.1,13.48,13.04,11.15,10,12,11
13.62,18.43,14.41,11.39,11,14,13
12.35,11.3,14.89,16.57,13,12,13
12.82,11.88,10.81,9.06,7,17,11
21.49,14.12,30.78,13.78,18,18,16
16.38,13.54,28.37,13.42,17,27,14
19.52,21.81,19.27,16.86,14,35,15
12.04,15.22,13.29,10.75,7,14,10
22.4,15.94,17.41,14.93,14,10,10
14.6,11.81,14.81,11.17,9,16,12
8.18,7.95,8.14,9.38,13,8,9
15.24,14.74,22.96,17.29,12,25,14
10.24,9.23,8.87,10.41,19,9,14
9.89,13.48,9.15,8.46,9,10,9
8.1,11.03,10.57,8.91,9,9,8
17.61,13.19,24.43,17.88,16,23,12
11.98,17.62,15.42,15.13,18,18,17
13.99,19.37,14.58,15.25,14,17,12
16.56,16.8,12.05,10.64,11,15,13
15.68,16.24,26.09,19.45,24,36,15
11.96,14.17,11.32,14.65,13,15,13
16.42,27.08,21.43,11.61,9,15,13
8.29,11.16,7.87,8.96,12,8,11
13.55,13.65,13.25,15.54,20,23,12
10.46,11.67,10.33,10.38,9,14,11
9.72,9.25,10.44,9.23,10,10,13
10.49,13.11,8.93,9.86,21,12,10
12.62,7.93,12.75,20.35,12,11,9
17.16,22.28,16.71,17.41,24,17,12
13.91,15.95,12.03,13.26,10,9,13
17.9,17.06,23.35,23.72,13,11,20
18.58,17.78,13.83,14.63,15,17,16
13.18,24.49,14.94,9.8,17,11,14
17.69,17.73,14.01,11.03,11,22,17
10.99,9.59,14.23,13.06,14,11,12
18.39,23.51,21.72,20.6,12,20,10
20.92,30.04,31.52,22.64,21,20,20
20.41,27.62,41.19,23.08,24,28,16
11.05,9.01,9.21,10.67,11,8,12
14.95,14.02,25.23,29.58,18,21,16
15.87,15.63,15.39,14.93,10,15,13
16.29,16.68,14.36,14.31,13,15,15
44.1,29.15,29.39,15.33,11,24,15
15.6,14.36,12.87,11.59,11,14,13
21.33,20.8,22.31,26.93,18,22,26
9.26,12.82,9.68,10.5,12,9,11
14.94,12.58,20,10.05,11,23,17
17.16,17.46,21.56,11.05,11,16,13
20.38,24.81,18.84,15.38,14,17,23
18.04,25.2,21.73,15.9,14,19,18
18.51,16.11,19.73,15.36,14,10,16
15.63,14.82,17.29,11.38,10,13,12
18.8,17.75,21.96,11.73,14,22,19
27.57,37.91,41.71,25.59,29,19,17
8.38,10,8.6,9.94,15,9,16
7.65,10.46,9.4,6.07,7,7,8
11,14.29,11.89,11.46,10,10,13
14.24,12.72,14.19,8.8,10,13,9
19.81,17.3,20.98,20.26,12,8,14
9.48,11.36,8.49,9.58,11,10,10
24.63,14.9,17.05,20.31,20,17,15
19.3,15.89,13.47,13.38,20,12,10
37.62,29.76,19,15.39,24,23,22
15.62,13.92,17.05,17.71,15,16,12
19.91,19.32,15.27,12.4,10,13,14
17.09,20.32,15.89,20.58,32,15,16
16.98,28.88,17.73,12.97,19,14,37
21.84,13.22,27.42,32.71,17,18,17
19.12,17.42,21.47,15.01,13,14,9
15.07,14.52,15.47,27.51,15,16,18
19.7,20.86,19.65,20.91,12,14,14
17.21,21.35,20.81,23.8,17,12,14
48.67,53.12,23.9,11.2,17,23,17
37.78,37.35,34.98,25.76,15,20,24
20.15,18.56,18.86,18.02,14,26,15
10.81,14.23,11.6,10.98,15,11,15
15.79,30.64,31.68,26.18,17,18,15
7.4,8.84,7.31,7.46,11,6,10
16.02,15.04,19.99,19.84,21,17,22
11.1,13.14,17.06,15.05,12,10,10
8.45,16.41,10.29,9.24,11,14,20
12.17,15.53,13.02,11.16,9,15,15
15,14.45,15.96,16.51,10,14,12
15.86,13.93,14.78,13.48,13,10,11
17.23,14.74,18.38,8.57,11,17,16
14.3,22.83,17.84,12.8,12,18,10
8.93,19.63,9.14,9.56,13,11,10
8.11,12.73,8.9,10.67,19,31,11
10.21,11.03,10.86,10.4,9,14,14
26.45,50.56,43.19,18.95,15,14,14
10.13,10.12,10.67,12.38,16,10,15
16.81,15.6,13.77,8.61,12,17,21
16.51,20.21,18.12,18.3,17,14,16
13.55,12.05,14.87,14.41,11,11,12
36.65,48.14,30.85,39.8,26,31,16
19.2,14.82,16.12,15.16,16,17,21
15.41,16.08,15.76,12.91,10,17,17
12.4,12.73,9.32,8.25,12,10,14
14.29,12.27,15.71,8.04,8,20,14
16.39,20.07,29.88,14.6,10,12,11
16.82,15.62,17.48,8.61,9,16,11
14.82,15.07,15.27,13.2,14,17,11
26.38,34.22,25.97,22.68,22,22,32
9.78,9.05,7.53,7.38,8,10,11
15.65,18.66,18.12,10.68,16,16,14
9.77,11.64,9.05,10.66,14,14,25
24.7,17.06,22.02,15.37,24,24,15
38.58,20.54,18.76,14.9,21,23,21
14.46,15.62,13.14,11.93,28,9,10
29.73,33.19,24.61,32.16,22,34,13
15.41,40.04,22.02,11.32,17,13,9
20.64,20.76,18.19,13.58,13,11,17
12.02,12.9,13.87,8.54,8,13,12
10.9,10.28,10.35,13.67,16,12,12
8.42,10.97,8.72,9.97,14,9,13
18.35,27.28,24.22,13.21,11,13,10
12.77,21.75,19.1,19.34,15,21,18
10.6,9.25,10.23,13.26,13,12,10
21.02,17.82,24.55,19.11,16,9,12
7.74,10.14,7.65,8.19,13,9,9
8.74,10.99,8.98,8.7,10,8,8
11.73,12.71,12.55,12.77,14,12,12
13.52,14.7,15.32,16.37,20,16,48
22.03,21.87,24.53,18.09,20,35,15
20.25,16.69,13.23,12.92,14,19,15
9.98,12.23,11.97,10.27,12,9,8
20.74,24.1,21.28,18.61,10,11,10
24.35,21.67,30.18,14.57,21,13,28
13.72,13.48,11.72,9.82,7,8,11
16.77,20.06,15.42,11.58,12,12,9
18.45,13.89,10.48,11.59,16,11,12
20.38,19.24,23.47,16.62,17,15,16
13.75,11.21,15.36,14.45,12,12,11
25.55,24.37,26.51,29.33,21,31,22
8.24,8.12,9.05,10.12,14,9,9
16.05,15.29,16.9,8.22,12,10,13
16.5,16.7,13.48,12.01,14,13,16
13.03,13.74,20.31,17.79,8,29,13
17.23,13.08,18.54,21.03,18,24,16
16.14,13.34,20.2,16.14,12,25,17
17.31,18.31,11.64,12.54,13,15,13
8.87,10.09,8.06,8.32,12,9,13
10.81,15.29,10.01,11.72,13,9,15
10.49,12.89,11.18,9.31,12,10,10
14.54,18.48,18.72,13.05,9,12,19
37.68,50.97,41.84,20.99,26,19,24
20.12,18.36,14.5,8.44,13,16,18
13.13,17.01,14.56,15.4,8,8,10
20.21,25.51,38.11,22.98,24,18,23
15.71,17.13,17.98,14.48,15,15,17
13.24,13.36,19.83,16.27,17,19,17
19.16,16.13,16.46,9.94,11,12,15
21.93,17.48,17.25,19.92,15,8,23
14.85,19.4,20.59,23.52,11,17,15
20.74,26.51,39.38,24.83,31,21,44
17.47,16.11,15.57,17.25,13,16,14
12.12,17.08,12.04,10.74,9,10,12
16.12,27.95,28.26,20.08,19,20,19
20.02,18.17,15.11,13.46,21,16,17
24.89,17.82,37.21,20.09,17,32,55
11.4,13.26,10.6,8.94,12,8,11
22.01,23.3,12.96,12.93,18,13,11
33.79,33.45,18.64,27.09,18,20,17
12.3,15.47,19.67,11.15,17,8,16
16.17,18.58,14.74,19.84,12,17,17
25.44,18.86,24.62,18.53,19,23,16
14.12,17.89,15.18,17.33,11,7,14
12.09,17.24,14.83,11.05,14,12,22
7.5,10.71,6.36,6.31,10,5,12
11.89,15.99,13.57,12.41,13,17,12
14.98,21.68,16.67,12.3,14,18,15
16.04,15.96,15.84,9.3,11,16,12
14.33,12.5,15.19,9.55,11,9,14
11.85,14,21.18,9.82,10,15,11
16.56,14.07,15.39,11.83,17,17,11
10.95,13.78,11.61,10.99,11,11,12
12.23,9.12,10.04,9.49,19,9,13
44.63,39.95,24.3,28.65,14,29,56
14.28,7.88,11.64,20.75,9,10,9
29.31,21.73,19.21,26.26,21,31,17
15.73,21.16,11.69,17.39,12,18,15
9.85,16.14,11.01,7.87,17,15,16
13.7,17.79,17.31,15.36,8,16,13
24.16,16.78,15.09,9.55,20,21,13
20.86,14.91,14.51,11.69,9,16,19
15.76,34.79,28.95,18.82,24,37,15
12.48,15.06,15.01,15.53,15,12,11
11.14,7.78,8.07,11.69,10,8,8
13.5,16.72,19.7,11.01,10,10,13
12.37,19.43,18.43,10.65,24,25,14
18.2,14.8,14.03,12.87,9,17,13
15.31,15.1,18.22,18.63,10,18,17
10.16,22.71,23.7,7.67,10,12,9
12.06,11.73,10.46,10.06,10,9,20
17.69,18.41,20.08,18.68,14,8,14
10.35,29.41,10.82,10.33,11,10,38
16.48,19.99,23.28,18.18,13,16,17
17.46,17.34,13.69,11.79,14,17,11
14.92,18.76,23.68,13.4,11,12,14
25.53,26.97,24.8,22.38,23,18,24
22.16,16.56,11.09,10.17,16,17,18
12.06,9.37,10.09,9.48,12,9,14
8.43,11.53,8.7,9.7,13,10,16
28.61,28.39,34.87,50.2,60,18,44
18.76,17.08,15.14,15.14,14,16,11
8.58,8.66,8.57,8.03,12,10,9
20.03,23.4,35.86,16.93,11,34,21
14.37,21.15,21.92,17.37,12,11,10
15.51,27.54,10.06,11.41,20,10,16
17.02,11.03,11.26,12.78,15,17,15
14.2,17.91,12.07,9.09,9,14,12
17.96,16.62,16.58,17.15,13,10,16
16.88,24.59,42.21,10.97,13,17,11
16.54,15.43,16,11.33,14,12,12
18.39,19.29,23.36,29.86,15,17,14
15.39,22.71,20.3,15.02,14,15,19
13.71,12.91,12.56,13.18,10,11,9
29.46,30,26.81,21.29,35,22,23
22.32,15.98,19.43,14.87,19,14,12
21.96,34.08,18.74,15.92,17,11,28
15.34,16.69,19.56,11.45,9,12,10
17,13.24,17.61,12.25,12,16,13
8.6,21.56,13.07,10.46,20,8,11
15.64,18.1,18.79,18.6,12,16,12
21.44,13.54,19.55,10.83,11,17,12
19.26,21.1,16.22,9.77,16,18,18
16.54,26.04,25.87,17.8,15,18,24
10.79,13.21,13.65,6.46,9,13,9
18.38,11.57,13.99,9.16,8,14,22
25.85,27.13,29.63,31.99,14,24,16
18.9,26.26,23.72,13.85,9,24,22
21.63,23.14,16.73,20.99,17,25,18
27.53,29.92,18.65,35.66,16,18,34
10.88,9.8,10.19,9.33,11,9,16
13.3,15.33,12.18,15.45,22,13,29
8.1,8.93,9.39,8.96,15,8,9
19.14,16.89,19.54,16.12,28,11,13
26.81,15.43,31.05,27.47,13,17,12
15.34,19.3,20.25,13.08,14,18,15
10.6,9.21,25.68,15.18,11,10,15
17.42,15.76,16.1,20.14,14,16,15
7.54,12.78,10.81,10.73,8,10,13
29.31,31.62,26.14,23.46,29,26,18
15.99,14.43,25.7,29.91,22,10,22
20,15,25,19,30,22,25
9.66,16.19,9.9,11.33,17,10,20
9.89,9.81,9.76,11.02,10,8,14
14.75,13.36,24.46,13.27,13,29,12
17.85,21.3,24.01,15.46,21,25,16
8.91,11.58,11.14,9.01,17,9,12
10.35,18.28,10.07,9.54,18,11,14
11.91,24.41,11.39,10.27,21,19,25
28.03,31.39,33.48,27.79,37,26,25
8.39,7.92,8.44,8.52,16,8,11
18.79,20.85,18.48,20.42,21,15,18
20.94,14.73,40.59,42.26,33,34,35
20.22,36.41,14.72,17.88,27,22,26
20.17,30.93,19.47,15.71,19,18,16
9.16,8.85,9.62,8.78,12,10,13
15.13,22.56,12.01,11.53,14,18,34
17.84,19.02,12.41,12.31,15,32,16
13.02,14.06,19.19,16.97,12,15,10
18.57,20.34,21.49,8.11,15,17,13
13.23,13.96,14.21,12.03,14,9,13
10.43,14,25.32,10.95,17,14,23
15.66,17.67,22.7,13.68,19,11,13
13.5,23.17,15.94,14.93,35,14,33
14.82,14.94,17.96,17.96,12,20,12
39.99,35.45,39.71,53.67,27,44,30
35.55,24.64,28.87,28.22,22,27,25
39.49,35.77,35.67,25.81,43,24,15
11.72,39.6,9.57,12.48,9,14,22
23.94,25.5,15.79,33.56,18,17,29
8.28,15.51,9.11,9.09,10,7,11
14.99,19.58,15.71,23.23,15,20,16
12.92,22.9,11.57,10.88,12,11,16
14.87,15.1,15.52,12.32,13,16,15
10.41,16.73,16.77,12.9,14,12,13
12.76,12,11.41,7.93,8,8,10
18.33,14.76,11.48,11.26,11,14,7
22.34,26.29,14.14,18.59,28,16,39
11.97,11.8,9.22,10.51,13,17,9
19.62,28.54,28.97,17.62,13,24,11
15.26,15.05,15.52,9.05,10,15,15
15.51,20.57,16.3,12.54,16,24,19
17.37,15.12,15.37,25.02,17,12,12
7.65,13.24,9.02,8.92,9,10,11
9.82,9.11,10.72,11.3,18,11,10
14.42,15.74,14.31,13.47,18,10,11
16.83,14.38,14.38,7.01,14,23,13
8.4,10.93,8.27,8.36,11,10,11
19.06,23.8,18.09,14.35,19,17,20
36.51,40.23,54.59,33.34,27,23,26
9.77,14.24,13.39,9.75,13,11,12
7.77,8.34,8.28,8.47,19,10,9
21.64,32.39,18.08,23.91,27,18,25
15.55,14.87,14.08,12.17,11,12,14
20.14,14.29,15.89,11.43,11,14,23
17.4,16.05,17.5,24.25,22,24,14
9.97,10.33,9.14,9.71,12,9,18
9.85,17.97,12.25,7.95,15,8,11
16.09,13.59,14,10.97,9,13,16
12.2,11.09,19.66,15.14,14,15,15
14.94,13.87,20.29,16.05,19,26,11
7.98,10.99,8.47,8.46,14,8,10
26.92,20.86,21.59,12.12,24,43,13
7.94,10.83,9.61,9.37,10,9,13
10.56,14.36,11.27,11.2,14,9,11
16.95,8.89,10.96,8.11,16,16,11
13.65,13.32,15.85,15.89,14,14,14
12.39,19.15,12.35,8.37,12,10,16
8.72,8.8,8.99,9.43,10,10,11
13.14,15.02,10.29,10.04,14,9,13
14.21,16.25,19.27,12.17,9,20,18
12.21,24.13,14.47,11.81,17,12,21
19.48,14.07,21.25,22.65,11,18,12
17.07,13.22,10.5,11.82,25,11,11
17.64,13.22,15.54,17.6,14,19,17
19.66,19.9,18.55,16.96,14,14,19
11.09,30.68,15.93,10.69,11,14,69
20.71,18.69,14.64,21.18,15,14,19
15.87,15.25,16.77,18.43,21,15,12
19.11,21.51,43.49,11.24,15,66,29
28.44,33.39,19.54,22.03,28,27,26
16.05,18.18,13.98,8.64,14,21,13
17.49,15.71,23.95,15.73,14,27,11
12.99,17.74,13.57,13.12,19,11,7
8.55,13.38,8.95,7.07,10,8,9
21.21,17.37,33.38,17.84,12,32,23
10.32,17.07,12.29,12.34,25,10,13
11.65,10.62,10.56,12.15,11,11,12
10,14.09,11.08,8.35,17,12,35
14.49,18.92,12.93,15.54,11,10,13
25.92,40.09,20.17,28,20,22,18
11.23,9.88,12.97,14.81,15,12,10
8.55,13.19,12.69,7.73,8,12,8
15.33,14.62,21.46,19.28,15,18,17
13.96,14.37,10.76,11.89,11,12,15
14.35,14.99,13.65,9.96,11,15,15
20.96,17.76,15.26,21.9,15,16,12
14.98,13.95,28.56,11.79,11,20,13
51.72,46.18,38.58,25.34,18,18,27
13.97,24.8,22.5,9.95,22,11,18
24.54,36.15,29.45,17.48,28,26,17
12.72,12.24,14.03,10.6,10,15,12
8.28,15.15,7.79,10.22,11,7,10
8.96,13.05,10.67,9.37,14,10,10
19.93,14.23,14.75,17.26,11,11,12
11.35,13.02,16.44,30.51,11,14,15
23.55,14.03,14.09,13.48,20,20,15
16.43,15.17,13.05,11.89,13,22,30
13.87,13.8,11.02,8.81,9,9,9
